farm_id,farmer_id,region,area_ha,lat,lon,ndvi,ndwi,cloud_pct,last_scan
FRM-0001,FAR-001,Kiambu,21.74,-1.32764,36.56514,0.498,0.054,20.5,2026-08-16
FRM-0002,FAR-002,Machakos,27.83,-1.75794,37.22723,0.483,0.18,20.5,2026-08-17
FRM-0003,FAR-003,Nakuru,37.46,-0.42607,35.84051,0.517,0.282,3.4,2026-08-18
FRM-0004,FAR-004,Nairobi,30.91,-1.17687,36.63174,0.266,0.271,0.5,2026-08-19
FRM-0005,FAR-005,Embu,38.69,-0.41361,37.56343,0.808,0.043,17.1,2026-08-20
FRM-0006,FAR-006,Kiambu,32.07,-1.39903,36.58871,0.422,0.319,19.9,2026-08-21
FRM-0007,FAR-007,Machakos,23.85,-1.23918,37.06562,0.396,0.179,5.6,2026-08-22
FRM-0008,FAR-008,Nakuru,38.51,-0.59967,36.30779,0.699,0.157,17.8,2026-08-23
FRM-0009,FAR-009,Nairobi,35.03,-0.99482,36.85324,0.351,0.348,28.0,2026-08-24
FRM-0010,FAR-010,Embu,45.05,-0.47965,37.36909,0.812,0.119,5.7,2026-08-25
FRM-0011,FAR-011,Kiambu,20.15,-0.87727,36.60394,0.665,0.256,1.8,2026-08-26
FRM-0012,FAR-012,Machakos,40.99,-1.63779,37.57237,0.5,0.119,9.0,2026-08-27
FRM-0013,FAR-013,Nakuru,5.54,-0.51382,36.01489,0.785,0.037,25.0,2026-08-28
FRM-0014,FAR-014,Nairobi,39.79,-1.4256,36.52946,0.285,0.208,7.5,2026-08-29
FRM-0015,FAR-015,Embu,45.93,-0.62667,37.53266,0.491,0.31,9.0,2026-08-30
FRM-0016,FAR-016,Kiambu,42.08,-0.9209,36.7171,0.75,0.168,5.4,2026-08-31
FRM-0017,FAR-017,Machakos,13.22,-1.51265,37.54642,0.453,0.188,19.0,2026-09-01
FRM-0018,FAR-018,Nakuru,44.04,-0.41,36.27306,0.723,0.098,17.1,2026-09-02
FRM-0019,FAR-019,Nairobi,40.38,-1.17489,36.86581,0.536,0.12,16.6,2026-09-03
FRM-0020,FAR-020,Embu,21.83,-0.28942,37.34138,0.838,0.326,5.3,2026-09-04
FRM-0021,FAR-021,Kiambu,43.49,-1.35695,36.6226,0.552,0.078,7.2,2026-09-05
FRM-0022,FAR-022,Machakos,13.1,-1.3701,37.56332,0.635,0.232,9.5,2026-09-06
FRM-0023,FAR-023,Nakuru,6.49,-0.34552,35.88105,0.4,0.215,25.1,2026-09-07
FRM-0024,FAR-024,Nairobi,40.51,-1.24207,36.77021,0.676,0.347,19.3,2026-09-08
FRM-0025,FAR-025,Embu,29.84,-0.78021,37.43235,0.63,0.051,3.4,2026-09-09
FRM-0026,FAR-026,Kiambu,27.03,-1.11419,36.8427,0.835,0.043,27.6,2026-09-10
FRM-0027,FAR-027,Machakos,34.28,-1.57359,36.96411,0.442,0.113,8.8,2026-09-11
FRM-0028,FAR-028,Nakuru,6.48,-0.52404,36.22799,0.555,0.201,2.9,2026-08-15
FRM-0029,FAR-029,Nairobi,41.56,-1.51845,36.7653,0.648,0.192,4.8,2026-08-16
FRM-0030,FAR-030,Embu,25.77,-0.28737,37.26713,0.853,0.299,6.9,2026-08-17
FRM-0031,FAR-031,Kiambu,30.06,-1.44156,36.81655,0.85,0.366,5.9,2026-08-18
FRM-0032,FAR-032,Machakos,43.25,-1.43881,37.32013,0.254,0.188,15.9,2026-08-19
FRM-0033,FAR-033,Nakuru,18.01,-0.10234,36.02774,0.673,0.098,3.8,2026-08-20
FRM-0034,FAR-034,Nairobi,41.58,-1.43554,36.94736,0.575,0.211,29.1,2026-08-21
FRM-0035,FAR-035,Embu,47.43,-0.50161,37.37584,0.474,0.114,26.7,2026-08-22
FRM-0036,FAR-036,Kiambu,20.75,-1.04674,36.83627,0.399,0.364,7.6,2026-08-23
FRM-0037,FAR-037,Machakos,35.21,-1.43222,37.31451,0.451,0.059,10.1,2026-08-24
FRM-0038,FAR-038,Nakuru,27.38,-0.37781,35.98052,0.72,0.042,23.0,2026-08-25
FRM-0039,FAR-039,Nairobi,18.24,-1.4192,36.5077,0.534,0.26,13.4,2026-08-26
FRM-0040,FAR-040,Embu,3.47,-0.36862,37.27506,0.684,0.284,19.1,2026-08-27
FRM-0041,FAR-041,Kiambu,3.82,-1.26307,36.52701,0.375,0.373,28.5,2026-08-28
FRM-0042,FAR-042,Machakos,20.34,-1.69293,37.15593,0.444,0.046,13.4,2026-08-29
FRM-0043,FAR-043,Nakuru,16.59,-0.25759,36.01658,0.681,0.276,11.1,2026-08-30
FRM-0044,FAR-044,Nairobi,8.52,-1.46263,36.84656,0.381,0.112,13.3,2026-08-31
FRM-0045,FAR-045,Embu,47.29,-0.29602,37.23358,0.535,0.062,24.4,2026-09-01
FRM-0046,FAR-046,Kiambu,24.58,-1.08315,36.79286,0.49,0.107,3.6,2026-09-02
FRM-0047,FAR-047,Machakos,16.81,-1.23858,37.33373,0.555,0.151,4.5,2026-09-03
FRM-0048,FAR-048,Nakuru,32.42,-0.20982,35.78991,0.761,0.14,11.6,2026-09-04
FRM-0049,FAR-049,Nairobi,5.16,-1.59516,37.0161,0.701,0.37,9.0,2026-09-05
FRM-0050,FAR-050,Embu,3.68,-0.50697,37.44408,0.534,0.085,5.0,2026-09-06
FRM-0051,FAR-051,Kiambu,4.22,-0.86967,37.00418,0.457,0.334,0.9,2026-09-07
FRM-0052,FAR-052,Machakos,45.66,-1.61833,37.21556,0.308,0.335,14.2,2026-09-08
FRM-0053,FAR-053,Nakuru,12.46,-0.437,36.0151,0.565,0.096,27.0,2026-09-09
FRM-0054,FAR-054,Nairobi,25.82,-1.20388,36.56144,0.296,0.15,27.3,2026-09-10
FRM-0055,FAR-055,Embu,42.68,-0.21912,37.73023,0.401,0.3,22.2,2026-09-11
FRM-0056,FAR-056,Kiambu,13.67,-1.17794,37.13921,0.572,0.067,2.8,2026-08-15
FRM-0057,FAR-057,Machakos,37.69,-1.21769,37.05028,0.542,0.313,17.6,2026-08-16
FRM-0058,FAR-058,Nakuru,45.79,-0.50983,36.29522,0.372,0.194,5.1,2026-08-17
FRM-0059,FAR-059,Nairobi,29.32,-1.17943,36.86115,0.605,0.243,27.3,2026-08-18
FRM-0060,FAR-060,Embu,18.52,-0.23439,37.53532,0.698,0.088,2.2,2026-08-19
FRM-0061,FAR-061,Kiambu,41.18,-0.89433,36.68288,0.758,0.133,3.6,2026-08-20
FRM-0062,FAR-062,Machakos,27.63,-1.40886,37.49688,0.567,0.367,17.4,2026-08-21
FRM-0063,FAR-063,Nakuru,33.52,-0.1045,35.87324,0.321,0.116,13.0,2026-08-22
FRM-0064,FAR-064,Nairobi,45.42,-1.51983,36.57356,0.583,0.127,17.4,2026-08-23
FRM-0065,FAR-065,Embu,21.47,-0.58828,37.726,0.598,0.061,3.6,2026-08-24
FRM-0066,FAR-066,Kiambu,26.79,-1.39759,36.8673,0.578,0.274,19.8,2026-08-25
FRM-0067,FAR-067,Machakos,40.56,-1.61596,37.03172,0.497,0.205,26.4,2026-08-26
FRM-0068,FAR-068,Nakuru,16.62,-0.37889,36.06,0.322,0.249,18.2,2026-08-27
FRM-0069,FAR-069,Nairobi,46.61,-1.51413,36.9334,0.338,0.257,14.2,2026-08-28
FRM-0070,FAR-070,Embu,3.57,-0.8091,37.74469,0.494,0.213,26.0,2026-08-29
FRM-0071,FAR-071,Kiambu,4.46,-1.35047,36.84087,0.543,0.075,16.6,2026-08-30
FRM-0072,FAR-072,Machakos,12.79,-1.82027,37.0438,0.67,0.027,6.8,2026-08-31
FRM-0073,FAR-073,Nakuru,5.73,-0.42664,35.95968,0.709,0.119,9.2,2026-09-01
FRM-0074,FAR-074,Nairobi,35.72,-1.16676,36.83991,0.534,0.321,27.5,2026-09-02
FRM-0075,FAR-075,Embu,39.96,-0.69114,37.27544,0.845,0.32,18.5,2026-09-03
FRM-0076,FAR-076,Kiambu,37.11,-0.87209,36.67711,0.483,0.039,22.8,2026-09-04
FRM-0077,FAR-077,Machakos,45.26,-1.55775,37.12524,0.446,0.288,29.9,2026-09-05
FRM-0078,FAR-078,Nakuru,37.92,-0.59505,36.28497,0.39,0.335,10.3,2026-09-06
FRM-0079,FAR-079,Nairobi,43.68,-1.54022,36.58601,0.6,0.292,28.5,2026-09-07
FRM-0080,FAR-080,Embu,35.9,-0.33575,37.33223,0.673,0.192,23.8,2026-09-08
FRM-0081,FAR-081,Kiambu,20.83,-1.06784,37.06509,0.579,0.303,20.9,2026-09-09
FRM-0082,FAR-082,Machakos,16.31,-1.44075,37.32072,0.347,0.104,9.4,2026-09-10
FRM-0083,FAR-083,Nakuru,13.11,-0.52489,36.30839,0.513,0.279,3.8,2026-09-11
FRM-0084,FAR-084,Nairobi,21.09,-1.45673,37.07953,0.72,0.32,27.7,2026-08-15
FRM-0085,FAR-085,Embu,42.43,-0.68304,37.50185,0.81,0.243,7.5,2026-08-16
FRM-0086,FAR-086,Kiambu,47.27,-1.27856,36.83527,0.466,0.345,17.7,2026-08-17
FRM-0087,FAR-087,Machakos,37.7,-1.43405,37.362,0.525,0.287,19.4,2026-08-18
FRM-0088,FAR-088,Nakuru,39.21,-0.25211,35.9962,0.661,0.094,24.9,2026-08-19
FRM-0089,FAR-089,Nairobi,41.38,-0.97419,36.85629,0.661,0.054,8.9,2026-08-20
FRM-0090,FAR-090,Embu,35.27,-0.24147,37.50198,0.843,0.195,28.1,2026-08-21
FRM-0091,FAR-091,Kiambu,21.69,-1.41658,36.5245,0.813,0.291,4.7,2026-08-22
FRM-0092,FAR-092,Machakos,43.12,-1.61822,37.02128,0.33,0.352,25.3,2026-08-23
FRM-0093,FAR-093,Nakuru,36.6,-0.50553,35.95047,0.344,0.183,9.4,2026-08-24
FRM-0094,FAR-094,Nairobi,12.04,-1.44736,36.7093,0.729,0.362,22.1,2026-08-25
FRM-0095,FAR-095,Embu,31.39,-0.51179,37.56992,0.652,0.097,0.7,2026-08-26
FRM-0096,FAR-096,Kiambu,42.14,-1.02024,36.58107,0.641,0.372,0.5,2026-08-27
FRM-0097,FAR-097,Machakos,37.69,-1.83664,37.49652,0.277,0.152,14.8,2026-08-28
FRM-0098,FAR-098,Nakuru,30.14,-0.35824,36.0895,0.596,0.116,17.0,2026-08-29
FRM-0099,FAR-099,Nairobi,28.32,-1.4322,37.0903,0.26,0.344,19.0,2026-08-30
FRM-0100,FAR-100,Embu,41.22,-0.38303,37.75959,0.568,0.337,5.0,2026-08-31
FRM-0101,FAR-101,Kiambu,40.4,-1.13764,37.14566,0.597,0.099,19.8,2026-09-01
FRM-0102,FAR-102,Machakos,43.66,-1.56805,37.04785,0.243,0.049,16.7,2026-09-02
FRM-0103,FAR-103,Nakuru,29.32,-0.56785,36.01972,0.363,0.125,26.9,2026-09-03
FRM-0104,FAR-104,Nairobi,5.34,-1.32246,36.61989,0.736,0.275,29.9,2026-09-04
FRM-0105,FAR-105,Embu,3.17,-0.62742,37.355,0.703,0.137,8.4,2026-09-05
FRM-0106,FAR-106,Kiambu,18.89,-1.44362,36.62657,0.392,0.158,16.6,2026-09-06
FRM-0107,FAR-107,Machakos,23.79,-1.3804,37.24923,0.279,0.351,19.0,2026-09-07
FRM-0108,FAR-108,Nakuru,7.96,-0.55342,36.27857,0.538,0.273,16.4,2026-09-08
FRM-0109,FAR-109,Nairobi,4.56,-1.56852,36.95277,0.295,0.37,13.6,2026-09-09
FRM-0110,FAR-110,Embu,34.07,-0.62608,37.15179,0.775,0.062,21.7,2026-09-10
FRM-0111,FAR-111,Kiambu,5.86,-0.99099,37.01181,0.356,0.103,17.1,2026-09-11
FRM-0112,FAR-112,Machakos,26.89,-1.32982,37.22071,0.488,0.109,23.3,2026-08-15
FRM-0113,FAR-113,Nakuru,32.55,-0.26657,36.07096,0.816,0.138,12.4,2026-08-16
FRM-0114,FAR-114,Nairobi,47.09,-1.01811,36.65357,0.585,0.132,29.3,2026-08-17
FRM-0115,FAR-115,Embu,19.84,-0.74135,37.23902,0.713,0.253,11.1,2026-08-18
FRM-0116,FAR-116,Kiambu,7.82,-1.42327,37.14957,0.435,0.037,28.2,2026-08-19
FRM-0117,FAR-117,Machakos,42.15,-1.70909,37.34184,0.233,0.22,18.6,2026-08-20
FRM-0118,FAR-118,Nakuru,28.8,-0.44637,36.10373,0.718,0.248,10.6,2026-08-21
FRM-0119,FAR-119,Nairobi,20.17,-1.2238,36.72324,0.465,0.366,23.5,2026-08-22
FRM-0120,FAR-120,Embu,3.56,-0.22943,37.21371,0.527,0.048,21.6,2026-08-23
FRM-0121,FAR-121,Kiambu,4.01,-1.12723,36.5168,0.471,0.144,24.6,2026-08-24
FRM-0122,FAR-122,Machakos,28.92,-1.3759,37.02101,0.251,0.259,21.3,2026-08-25
FRM-0123,FAR-123,Nakuru,18.35,-0.34551,36.05247,0.577,0.09,23.2,2026-08-26
FRM-0124,FAR-124,Nairobi,11.34,-1.00946,36.89994,0.346,0.322,14.4,2026-08-27
FRM-0125,FAR-125,Embu,42.55,-0.63301,37.6169,0.696,0.371,6.4,2026-08-28
FRM-0126,FAR-126,Kiambu,11.57,-0.92628,36.81639,0.386,0.21,9.3,2026-08-29
FRM-0127,FAR-127,Machakos,12.47,-1.29304,37.55025,0.681,0.086,13.0,2026-08-30
FRM-0128,FAR-128,Nakuru,37.06,-0.2124,35.91609,0.483,0.071,16.2,2026-08-31
FRM-0129,FAR-129,Nairobi,42.98,-1.17425,36.63048,0.521,0.122,23.4,2026-09-01
FRM-0130,FAR-130,Embu,7.82,-0.39922,37.73593,0.83,0.089,19.6,2026-09-02
FRM-0131,FAR-131,Kiambu,41.58,-1.14818,36.72158,0.358,0.358,19.7,2026-09-03
FRM-0132,FAR-132,Machakos,43.55,-1.55353,37.38756,0.68,0.085,15.8,2026-09-04
FRM-0133,FAR-133,Nakuru,32.4,-0.52704,36.3239,0.48,0.148,22.8,2026-09-05
FRM-0134,FAR-134,Nairobi,30.82,-1.14456,36.88591,0.53,0.314,6.5,2026-09-06
FRM-0135,FAR-135,Embu,13.31,-0.29788,37.49946,0.773,0.105,18.8,2026-09-07
FRM-0136,FAR-136,Kiambu,21.76,-1.30259,36.67441,0.542,0.063,7.5,2026-09-08
FRM-0137,FAR-137,Machakos,45.49,-1.80361,36.96498,0.624,0.371,19.6,2026-09-09
FRM-0138,FAR-138,Nakuru,23.91,-0.51223,35.87036,0.635,0.142,2.7,2026-09-10
FRM-0139,FAR-139,Nairobi,26.75,-1.50457,36.63014,0.693,0.169,29.9,2026-09-11
FRM-0140,FAR-140,Embu,14.75,-0.81686,37.44419,0.54,0.097,1.2,2026-08-15
FRM-0141,FAR-141,Kiambu,34.18,-1.15166,37.12462,0.424,0.302,7.8,2026-08-16
FRM-0142,FAR-142,Machakos,40.27,-1.21413,37.0475,0.582,0.224,26.0,2026-08-17
FRM-0143,FAR-143,Nakuru,3.71,-0.31329,35.86746,0.807,0.332,15.8,2026-08-18
FRM-0144,FAR-144,Nairobi,20.57,-1.35539,36.76902,0.398,0.26,26.9,2026-08-19
FRM-0145,FAR-145,Embu,33.13,-0.36005,37.70225,0.418,0.195,10.6,2026-08-20
FRM-0146,FAR-146,Kiambu,28.92,-1.01877,36.80486,0.47,0.222,3.7,2026-08-21
FRM-0147,FAR-147,Machakos,8.06,-1.78882,37.28878,0.496,0.041,28.9,2026-08-22
FRM-0148,FAR-148,Nakuru,25.68,-0.51524,36.36482,0.674,0.061,26.7,2026-08-23
FRM-0149,FAR-149,Nairobi,45.15,-1.49387,37.0034,0.33,0.083,3.7,2026-08-24
FRM-0150,FAR-150,Embu,35.24,-0.78233,37.21578,0.727,0.062,25.2,2026-08-25
FRM-0151,FAR-151,Kiambu,4.54,-1.38038,37.05967,0.719,0.061,21.1,2026-08-26
FRM-0152,FAR-152,Machakos,16.34,-1.59098,37.56983,0.51,0.25,7.8,2026-08-27
FRM-0153,FAR-153,Nakuru,15.61,-0.12042,35.7646,0.324,0.269,27.3,2026-08-28
FRM-0154,FAR-154,Nairobi,28.91,-1.50496,36.80254,0.369,0.071,2.8,2026-08-29
FRM-0155,FAR-155,Embu,19.67,-0.71057,37.65882,0.626,0.205,28.4,2026-08-30
FRM-0156,FAR-156,Kiambu,43.01,-0.9577,36.61393,0.606,0.062,28.8,2026-08-31
FRM-0157,FAR-157,Machakos,15.47,-1.31436,37.00535,0.688,0.041,16.9,2026-09-01
FRM-0158,FAR-158,Nakuru,26.29,-0.46308,36.15092,0.408,0.236,2.4,2026-09-02
FRM-0159,FAR-159,Nairobi,37.19,-1.37011,36.97289,0.426,0.186,25.4,2026-09-03
FRM-0160,FAR-160,Embu,19.42,-0.70919,37.56054,0.68,0.077,19.6,2026-09-04
FRM-0161,FAR-161,Kiambu,46.07,-1.01672,36.78392,0.48,0.369,1.2,2026-09-05
FRM-0162,FAR-162,Machakos,14.86,-1.70567,37.28772,0.372,0.304,25.8,2026-09-06
FRM-0163,FAR-163,Nakuru,13.29,-0.46693,36.34252,0.688,0.312,29.6,2026-09-07
FRM-0164,FAR-164,Nairobi,18.53,-1.2045,36.73777,0.582,0.351,3.1,2026-09-08
FRM-0165,FAR-165,Embu,9.29,-0.58066,37.66582,0.472,0.294,2.3,2026-09-09
FRM-0166,FAR-166,Kiambu,17.5,-1.15392,36.90323,0.674,0.303,9.2,2026-09-10
FRM-0167,FAR-167,Machakos,3.58,-1.25898,37.06323,0.305,0.106,2.2,2026-09-11
FRM-0168,FAR-168,Nakuru,27.27,-0.03222,35.85638,0.34,0.181,24.9,2026-08-15
FRM-0169,FAR-169,Nairobi,35.71,-1.40085,36.60695,0.476,0.129,22.6,2026-08-16
FRM-0170,FAR-170,Embu,39.38,-0.64843,37.47675,0.563,0.131,19.0,2026-08-17
FRM-0171,FAR-171,Kiambu,7.8,-1.18433,36.55519,0.422,0.255,8.0,2026-08-18
FRM-0172,FAR-172,Machakos,20.32,-1.51776,37.50896,0.561,0.1,22.8,2026-08-19
FRM-0173,FAR-173,Nakuru,39.17,-0.04335,36.21697,0.334,0.074,3.9,2026-08-20
FRM-0174,FAR-174,Nairobi,31.08,-1.43833,36.53802,0.715,0.291,19.9,2026-08-21
FRM-0175,FAR-175,Embu,9.61,-0.58699,37.21524,0.702,0.248,9.5,2026-08-22
FRM-0176,FAR-176,Kiambu,35.62,-0.9773,36.57123,0.613,0.243,13.1,2026-08-23
FRM-0177,FAR-177,Machakos,3.53,-1.71949,37.29219,0.61,0.186,19.1,2026-08-24
FRM-0178,FAR-178,Nakuru,42.15,-0.43448,36.11579,0.692,0.035,1.6,2026-08-25
FRM-0179,FAR-179,Nairobi,34.84,-1.26315,36.74942,0.735,0.294,26.7,2026-08-26
FRM-0180,FAR-180,Embu,28.85,-0.44656,37.3105,0.55,0.229,13.3,2026-08-27
FRM-0181,FAR-181,Kiambu,42.28,-1.04654,36.77135,0.73,0.286,8.3,2026-08-28
FRM-0182,FAR-182,Machakos,28.08,-1.7727,37.15797,0.475,0.358,21.4,2026-08-29
FRM-0183,FAR-183,Nakuru,21.35,-0.06132,36.08696,0.467,0.311,13.0,2026-08-30
FRM-0184,FAR-184,Nairobi,17.54,-1.03932,36.68871,0.651,0.165,13.0,2026-08-31
FRM-0185,FAR-185,Embu,12.84,-0.59203,37.69883,0.409,0.369,25.7,2026-09-01
FRM-0186,FAR-186,Kiambu,26.58,-1.20292,36.55763,0.648,0.128,2.4,2026-09-02
FRM-0187,FAR-187,Machakos,4.2,-1.47688,37.46248,0.54,0.052,11.2,2026-09-03
FRM-0188,FAR-188,Nakuru,15.47,-0.45375,35.79132,0.424,0.059,13.2,2026-09-04
FRM-0189,FAR-189,Nairobi,10.59,-1.10156,36.89267,0.37,0.066,27.3,2026-09-05
FRM-0190,FAR-190,Embu,15.17,-0.73343,37.58996,0.593,0.204,1.8,2026-09-06
FRM-0191,FAR-191,Kiambu,36.94,-1.19268,37.04615,0.586,0.076,13.6,2026-09-07
FRM-0192,FAR-192,Machakos,17.0,-1.72764,37.53389,0.391,0.041,9.0,2026-09-08
FRM-0193,FAR-193,Nakuru,20.24,-0.12376,35.85487,0.399,0.088,3.7,2026-09-09
FRM-0194,FAR-194,Nairobi,46.49,-1.58014,36.8232,0.376,0.112,24.2,2026-09-10
FRM-0195,FAR-195,Embu,45.53,-0.73933,37.44614,0.744,0.154,13.0,2026-09-11
FRM-0196,FAR-196,Kiambu,6.3,-1.42803,36.63817,0.466,0.058,5.3,2026-08-15
FRM-0197,FAR-197,Machakos,47.16,-1.5738,37.05267,0.494,0.341,18.6,2026-08-16
FRM-0198,FAR-198,Nakuru,21.53,-0.30833,36.34379,0.79,0.11,20.0,2026-08-17
FRM-0199,FAR-199,Nairobi,25.02,-1.58547,36.69998,0.636,0.19,26.3,2026-08-18
FRM-0200,FAR-200,Embu,40.98,-0.43252,37.2872,0.398,0.203,22.4,2026-08-19
FRM-0201,FAR-201,Kiambu,41.86,-0.98408,37.08777,0.662,0.2,9.5,2026-08-20
FRM-0202,FAR-202,Machakos,47.18,-1.70975,37.23424,0.5,0.352,17.4,2026-08-21
FRM-0203,FAR-203,Nakuru,46.12,-0.05796,36.03739,0.396,0.18,2.9,2026-08-22
FRM-0204,FAR-204,Nairobi,13.83,-1.29208,36.99398,0.532,0.318,26.2,2026-08-23
FRM-0205,FAR-205,Embu,33.87,-0.60727,37.25099,0.699,0.074,11.0,2026-08-24
FRM-0206,FAR-206,Kiambu,27.48,-1.42885,36.5738,0.82,0.223,2.0,2026-08-25
FRM-0207,FAR-207,Machakos,34.22,-1.2415,37.3743,0.476,0.254,14.1,2026-08-26
FRM-0208,FAR-208,Nakuru,27.59,-0.25728,35.99794,0.373,0.085,6.3,2026-08-27
FRM-0209,FAR-209,Nairobi,17.01,-1.31674,36.70052,0.711,0.176,5.8,2026-08-28
FRM-0210,FAR-210,Embu,11.51,-0.3543,37.54833,0.608,0.359,12.3,2026-08-29
FRM-0211,FAR-211,Kiambu,15.68,-1.28381,37.00434,0.84,0.183,24.5,2026-08-30
FRM-0212,FAR-212,Machakos,44.21,-1.41432,37.08538,0.41,0.111,15.8,2026-08-31
FRM-0213,FAR-213,Nakuru,44.71,-0.32594,36.34141,0.36,0.183,29.4,2026-09-01
FRM-0214,FAR-214,Nairobi,47.76,-1.13491,36.81525,0.423,0.112,11.1,2026-09-02
FRM-0215,FAR-215,Embu,15.2,-0.7101,37.69362,0.48,0.124,26.3,2026-09-03
FRM-0216,FAR-216,Kiambu,28.91,-1.22657,37.0286,0.769,0.335,2.0,2026-09-04
FRM-0217,FAR-217,Machakos,27.36,-1.5381,37.02826,0.302,0.118,24.7,2026-09-05
FRM-0218,FAR-218,Nakuru,38.7,-0.0702,36.13392,0.347,0.211,21.2,2026-09-06
FRM-0219,FAR-219,Nairobi,26.29,-1.46605,37.04101,0.273,0.175,3.5,2026-09-07
FRM-0220,FAR-220,Embu,36.79,-0.32396,37.49053,0.862,0.132,0.2,2026-09-08
FRM-0221,FAR-221,Kiambu,44.44,-1.07531,37.05504,0.676,0.109,13.6,2026-09-09
FRM-0222,FAR-222,Machakos,30.85,-1.73895,37.49863,0.489,0.327,27.0,2026-09-10
FRM-0223,FAR-223,Nakuru,32.92,-0.07899,36.25229,0.567,0.065,17.5,2026-09-11
FRM-0224,FAR-224,Nairobi,47.64,-1.43077,36.53725,0.726,0.276,27.8,2026-08-15
FRM-0225,FAR-225,Embu,5.5,-0.43664,37.52439,0.614,0.338,0.1,2026-08-16
FRM-0226,FAR-226,Kiambu,37.77,-1.24344,36.58311,0.768,0.127,20.7,2026-08-17
FRM-0227,FAR-227,Machakos,45.71,-1.45595,37.36201,0.652,0.198,6.2,2026-08-18
FRM-0228,FAR-228,Nakuru,43.02,-0.25052,36.03453,0.516,0.203,9.5,2026-08-19
FRM-0229,FAR-229,Nairobi,47.71,-1.42291,36.57099,0.668,0.23,22.8,2026-08-20
FRM-0230,FAR-230,Embu,43.78,-0.7417,37.25155,0.452,0.087,23.1,2026-08-21
FRM-0231,FAR-231,Kiambu,23.94,-1.35013,36.6075,0.454,0.2,7.7,2026-08-22
FRM-0232,FAR-232,Machakos,16.96,-1.28269,37.01945,0.677,0.126,13.6,2026-08-23
FRM-0233,FAR-233,Nakuru,15.52,-0.10445,36.1649,0.438,0.342,21.2,2026-08-24
FRM-0234,FAR-234,Nairobi,7.57,-1.13849,37.0222,0.266,0.22,11.7,2026-08-25
FRM-0235,FAR-235,Embu,20.81,-0.71084,37.75084,0.42,0.211,15.4,2026-08-26
FRM-0236,FAR-236,Kiambu,6.18,-1.02202,36.67817,0.723,0.144,12.3,2026-08-27
FRM-0237,FAR-237,Machakos,24.84,-1.2189,37.42629,0.409,0.041,25.7,2026-08-28
FRM-0238,FAR-238,Nakuru,24.3,-0.46143,36.14998,0.452,0.204,15.1,2026-08-29
FRM-0239,FAR-239,Nairobi,19.76,-1.38129,36.86532,0.397,0.087,0.4,2026-08-30
FRM-0240,FAR-240,Embu,19.3,-0.36566,37.57167,0.798,0.181,25.3,2026-08-31
FRM-0241,FAR-241,Kiambu,40.49,-1.31374,36.75565,0.741,0.317,11.2,2026-09-01
FRM-0242,FAR-242,Machakos,33.97,-1.46856,37.01777,0.32,0.342,29.7,2026-09-02
FRM-0243,FAR-243,Nakuru,37.98,-0.51122,35.76097,0.378,0.051,24.7,2026-09-03
FRM-0244,FAR-244,Nairobi,9.38,-1.579,36.58383,0.314,0.055,21.1,2026-09-04
FRM-0245,FAR-245,Embu,42.0,-0.39608,37.5996,0.689,0.184,22.7,2026-09-05
FRM-0246,FAR-246,Kiambu,43.04,-1.36223,37.03581,0.812,0.072,11.3,2026-09-06
FRM-0247,FAR-247,Machakos,8.18,-1.38961,37.2271,0.444,0.334,3.9,2026-09-07
FRM-0248,FAR-248,Nakuru,17.21,-0.31437,35.9278,0.716,0.255,23.5,2026-09-08
FRM-0249,FAR-249,Nairobi,33.29,-1.04379,36.91663,0.569,0.249,24.9,2026-09-09
FRM-0250,FAR-250,Embu,15.09,-0.83145,37.53856,0.814,0.111,14.3,2026-09-10
FRM-0251,FAR-251,Kiambu,38.07,-1.05468,37.09957,0.835,0.155,27.8,2026-09-11
FRM-0252,FAR-252,Machakos,45.91,-1.66145,37.37038,0.25,0.142,2.7,2026-08-15
FRM-0253,FAR-253,Nakuru,44.06,-0.3124,36.32404,0.641,0.27,28.3,2026-08-16
FRM-0254,FAR-254,Nairobi,41.61,-1.12808,36.53554,0.706,0.091,12.9,2026-08-17
FRM-0255,FAR-255,Embu,33.66,-0.24895,37.43979,0.668,0.071,3.5,2026-08-18
FRM-0256,FAR-256,Kiambu,40.78,-1.40954,37.12179,0.383,0.246,7.4,2026-08-19
FRM-0257,FAR-257,Machakos,22.49,-1.24192,37.03593,0.623,0.231,20.6,2026-08-20
FRM-0258,FAR-258,Nakuru,21.84,-0.367,35.92812,0.496,0.257,25.5,2026-08-21
FRM-0259,FAR-259,Nairobi,20.07,-1.1161,37.00569,0.257,0.296,13.0,2026-08-22
FRM-0260,FAR-260,Embu,40.98,-0.52422,37.7359,0.703,0.041,18.8,2026-08-23
FRM-0261,FAR-261,Kiambu,33.65,-1.41119,36.6196,0.635,0.148,20.0,2026-08-24
FRM-0262,FAR-262,Machakos,40.5,-1.54006,36.97493,0.492,0.343,22.6,2026-08-25
FRM-0263,FAR-263,Nakuru,40.56,-0.32482,35.95287,0.477,0.171,13.5,2026-08-26
FRM-0264,FAR-264,Nairobi,47.71,-1.58528,37.05154,0.704,0.116,21.3,2026-08-27
FRM-0265,FAR-265,Embu,18.45,-0.64999,37.72429,0.451,0.033,9.2,2026-08-28
FRM-0266,FAR-266,Kiambu,45.98,-1.10377,36.82884,0.682,0.186,4.7,2026-08-29
FRM-0267,FAR-267,Machakos,46.01,-1.45446,37.3581,0.702,0.079,10.8,2026-08-30
FRM-0268,FAR-268,Nakuru,23.57,-0.06356,36.09077,0.785,0.235,8.9,2026-08-31
FRM-0269,FAR-269,Nairobi,10.97,-1.36787,36.85014,0.624,0.306,9.6,2026-09-01
FRM-0270,FAR-270,Embu,41.47,-0.53532,37.27873,0.546,0.304,17.7,2026-09-02
FRM-0271,FAR-271,Kiambu,17.32,-1.32028,37.00466,0.61,0.26,13.5,2026-09-03
FRM-0272,FAR-272,Machakos,43.25,-1.74245,37.11942,0.55,0.249,12.0,2026-09-04
FRM-0273,FAR-273,Nakuru,44.1,-0.5181,36.12049,0.34,0.118,24.7,2026-09-05
FRM-0274,FAR-274,Nairobi,35.24,-1.25379,37.11855,0.342,0.206,21.5,2026-09-06
FRM-0275,FAR-275,Embu,44.97,-0.84421,37.25701,0.782,0.146,24.1,2026-09-07
FRM-0276,FAR-276,Kiambu,20.92,-0.88996,36.64413,0.639,0.115,9.7,2026-09-08
FRM-0277,FAR-277,Machakos,25.17,-1.5189,37.09712,0.65,0.373,16.7,2026-09-09
FRM-0278,FAR-278,Nakuru,5.38,-0.1169,35.91777,0.421,0.367,3.7,2026-09-10
FRM-0279,FAR-279,Nairobi,45.77,-0.98605,36.87985,0.707,0.267,8.2,2026-09-11
FRM-0280,FAR-280,Embu,43.91,-0.69895,37.70485,0.466,0.155,17.7,2026-08-15
FRM-0281,FAR-281,Kiambu,22.96,-1.44494,36.89711,0.723,0.026,12.3,2026-08-16
FRM-0282,FAR-282,Machakos,16.34,-1.44189,37.24209,0.593,0.166,13.9,2026-08-17
FRM-0283,FAR-283,Nakuru,43.36,-0.38126,36.24901,0.505,0.365,22.6,2026-08-18
FRM-0284,FAR-284,Nairobi,41.1,-1.60939,36.64016,0.677,0.364,28.3,2026-08-19
FRM-0285,FAR-285,Embu,4.89,-0.60904,37.67553,0.5,0.195,7.7,2026-08-20
FRM-0286,FAR-286,Kiambu,32.7,-0.94186,36.65821,0.758,0.371,29.2,2026-08-21
FRM-0287,FAR-287,Machakos,28.99,-1.36638,37.18997,0.379,0.248,8.2,2026-08-22
FRM-0288,FAR-288,Nakuru,9.91,-0.6108,36.38997,0.799,0.316,19.9,2026-08-23
FRM-0289,FAR-289,Nairobi,14.42,-0.99061,37.13455,0.303,0.36,27.6,2026-08-24
FRM-0290,FAR-290,Embu,45.14,-0.6871,37.22116,0.676,0.32,2.7,2026-08-25
FRM-0291,FAR-291,Kiambu,47.76,-1.38024,36.68447,0.652,0.202,17.2,2026-08-26
FRM-0292,FAR-292,Machakos,5.13,-1.77421,37.54934,0.708,0.218,7.5,2026-08-27
FRM-0293,FAR-293,Nakuru,19.94,-0.3547,36.05969,0.362,0.039,19.2,2026-08-28
FRM-0294,FAR-294,Nairobi,31.66,-1.27806,36.62334,0.461,0.025,23.7,2026-08-29
FRM-0295,FAR-295,Embu,8.66,-0.74745,37.38549,0.715,0.346,13.4,2026-08-30
FRM-0296,FAR-296,Kiambu,10.0,-1.03558,36.9515,0.685,0.111,21.7,2026-08-31
FRM-0297,FAR-297,Machakos,11.34,-1.21151,37.41521,0.321,0.09,16.2,2026-09-01
FRM-0298,FAR-298,Nakuru,14.46,-0.59956,36.01976,0.774,0.235,18.9,2026-09-02
FRM-0299,FAR-299,Nairobi,38.15,-1.24499,36.97146,0.653,0.292,4.4,2026-09-03
FRM-0300,FAR-300,Embu,24.15,-0.40031,37.2065,0.423,0.25,0.7,2026-09-04
FRM-0301,FAR-301,Kiambu,40.6,-0.8977,36.87038,0.687,0.188,25.9,2026-09-05
FRM-0302,FAR-302,Machakos,39.08,-1.694,37.30723,0.447,0.19,5.7,2026-09-06
FRM-0303,FAR-303,Nakuru,36.02,-0.01651,36.37086,0.803,0.073,17.0,2026-09-07
FRM-0304,FAR-304,Nairobi,39.54,-1.2492,36.73813,0.412,0.186,11.5,2026-09-08
FRM-0305,FAR-305,Embu,4.71,-0.85062,37.22238,0.734,0.36,23.1,2026-09-09
FRM-0306,FAR-306,Kiambu,29.42,-1.25031,36.71016,0.414,0.049,8.9,2026-09-10
FRM-0307,FAR-307,Machakos,18.45,-1.40749,37.55652,0.558,0.127,10.8,2026-09-11
FRM-0308,FAR-308,Nakuru,30.04,-0.58639,36.12654,0.39,0.061,16.3,2026-08-15
FRM-0309,FAR-309,Nairobi,43.96,-1.0758,36.64338,0.309,0.094,28.5,2026-08-16
FRM-0310,FAR-310,Embu,22.33,-0.4756,37.17573,0.429,0.131,2.0,2026-08-17
FRM-0311,FAR-311,Kiambu,39.69,-1.26746,36.87104,0.838,0.315,27.6,2026-08-18
FRM-0312,FAR-312,Machakos,30.1,-1.82963,37.08477,0.544,0.347,0.7,2026-08-19
FRM-0313,FAR-313,Nakuru,35.32,-0.25991,35.94974,0.813,0.338,1.3,2026-08-20
FRM-0314,FAR-314,Nairobi,16.52,-1.46954,36.53663,0.26,0.347,1.9,2026-08-21
FRM-0315,FAR-315,Embu,23.95,-0.52381,37.50756,0.527,0.135,9.1,2026-08-22
FRM-0316,FAR-316,Kiambu,47.06,-1.26247,36.66586,0.738,0.039,1.6,2026-08-23
FRM-0317,FAR-317,Machakos,31.17,-1.22034,37.29454,0.437,0.301,22.4,2026-08-24
FRM-0318,FAR-318,Nakuru,26.66,-0.26138,36.12044,0.779,0.37,20.3,2026-08-25
FRM-0319,FAR-319,Nairobi,29.2,-1.58684,37.05022,0.736,0.124,1.1,2026-08-26
FRM-0320,FAR-320,Embu,6.52,-0.58527,37.67475,0.544,0.078,6.2,2026-08-27
FRM-0321,FAR-321,Kiambu,11.26,-1.48869,36.98205,0.475,0.03,13.6,2026-08-28
FRM-0322,FAR-322,Machakos,29.45,-1.68186,37.44078,0.373,0.373,10.6,2026-08-29
FRM-0323,FAR-323,Nakuru,42.67,-0.25817,36.06318,0.721,0.094,24.4,2026-08-30
FRM-0324,FAR-324,Nairobi,37.53,-1.18653,36.82694,0.697,0.034,7.2,2026-08-31
FRM-0325,FAR-325,Embu,25.13,-0.22853,37.36188,0.834,0.345,18.5,2026-09-01
FRM-0326,FAR-326,Kiambu,38.13,-1.23614,36.6699,0.635,0.184,10.7,2026-09-02
FRM-0327,FAR-327,Machakos,16.8,-1.54598,37.39462,0.35,0.22,14.9,2026-09-03
FRM-0328,FAR-328,Nakuru,35.8,-0.49019,35.78,0.395,0.322,3.3,2026-09-04
FRM-0329,FAR-329,Nairobi,17.3,-1.30913,36.91189,0.607,0.252,18.4,2026-09-05
FRM-0330,FAR-330,Embu,41.88,-0.333,37.71129,0.701,0.066,2.1,2026-09-06
FRM-0331,FAR-331,Kiambu,28.17,-1.28873,37.03898,0.791,0.318,9.3,2026-09-07
FRM-0332,FAR-332,Machakos,23.68,-1.70274,37.57699,0.515,0.241,11.1,2026-09-08
FRM-0333,FAR-333,Nakuru,44.64,-0.53499,36.32102,0.564,0.031,26.9,2026-09-09
FRM-0334,FAR-334,Nairobi,35.19,-1.23694,36.61306,0.405,0.24,7.5,2026-09-10
FRM-0335,FAR-335,Embu,24.99,-0.22991,37.70154,0.747,0.176,16.6,2026-09-11
FRM-0336,FAR-336,Kiambu,19.86,-0.98892,37.01638,0.668,0.138,5.6,2026-08-15
FRM-0337,FAR-337,Machakos,9.92,-1.64061,37.28692,0.415,0.236,17.0,2026-08-16
FRM-0338,FAR-338,Nakuru,43.72,-0.04876,36.22906,0.451,0.282,1.6,2026-08-17
FRM-0339,FAR-339,Nairobi,21.94,-1.53768,37.12126,0.618,0.31,15.3,2026-08-18
FRM-0340,FAR-340,Embu,39.37,-0.62902,37.34056,0.721,0.335,25.0,2026-08-19
FRM-0341,FAR-341,Kiambu,34.65,-1.33501,36.66191,0.664,0.04,19.0,2026-08-20
FRM-0342,FAR-342,Machakos,13.46,-1.41746,37.10747,0.465,0.124,3.7,2026-08-21
FRM-0343,FAR-343,Nakuru,41.39,-0.44159,35.98301,0.562,0.029,3.3,2026-08-22
FRM-0344,FAR-344,Nairobi,15.0,-1.08369,36.91253,0.295,0.116,16.3,2026-08-23
FRM-0345,FAR-345,Embu,37.45,-0.54757,37.56103,0.402,0.288,23.3,2026-08-24
FRM-0346,FAR-346,Kiambu,20.85,-0.87632,36.62391,0.417,0.371,8.7,2026-08-25
FRM-0347,FAR-347,Machakos,38.11,-1.53486,37.18221,0.224,0.146,19.7,2026-08-26
FRM-0348,FAR-348,Nakuru,42.29,-0.28839,36.20539,0.431,0.3,27.6,2026-08-27
FRM-0349,FAR-349,Nairobi,42.62,-1.56596,36.67785,0.272,0.028,20.0,2026-08-28
FRM-0350,FAR-350,Embu,5.89,-0.82254,37.70968,0.718,0.228,20.4,2026-08-29
FRM-0351,FAR-351,Kiambu,45.02,-1.27656,36.66341,0.45,0.025,20.6,2026-08-30
FRM-0352,FAR-352,Machakos,25.13,-1.20495,37.41134,0.706,0.292,19.7,2026-08-31
FRM-0353,FAR-353,Nakuru,34.92,-0.22022,36.23657,0.343,0.155,0.6,2026-09-01
FRM-0354,FAR-354,Nairobi,14.96,-1.13211,36.64988,0.575,0.056,20.6,2026-09-02
FRM-0355,FAR-355,Embu,31.36,-0.55926,37.40258,0.731,0.365,10.1,2026-09-03
FRM-0356,FAR-356,Kiambu,10.04,-1.44943,37.09323,0.607,0.339,13.2,2026-09-04
FRM-0357,FAR-357,Machakos,33.79,-1.82385,37.24512,0.704,0.168,11.4,2026-09-05
FRM-0358,FAR-358,Nakuru,15.19,-0.4468,35.94785,0.528,0.277,26.6,2026-09-06
FRM-0359,FAR-359,Nairobi,3.67,-1.39401,36.89318,0.27,0.24,29.0,2026-09-07
FRM-0360,FAR-360,Embu,37.89,-0.38947,37.47322,0.625,0.257,23.9,2026-09-08
FRM-0361,FAR-361,Kiambu,33.48,-1.22766,36.68116,0.596,0.172,11.8,2026-09-09
FRM-0362,FAR-362,Machakos,20.05,-1.83428,37.36204,0.229,0.039,3.3,2026-09-10
FRM-0363,FAR-363,Nakuru,28.63,-0.33048,36.02412,0.4,0.171,22.7,2026-09-11
FRM-0364,FAR-364,Nairobi,32.78,-1.34619,36.72099,0.371,0.083,26.6,2026-08-15
FRM-0365,FAR-365,Embu,20.19,-0.51933,37.47177,0.461,0.324,1.8,2026-08-16
FRM-0366,FAR-366,Kiambu,14.53,-1.1225,36.60501,0.502,0.248,15.3,2026-08-17
FRM-0367,FAR-367,Machakos,31.01,-1.32021,37.48489,0.323,0.26,28.4,2026-08-18
FRM-0368,FAR-368,Nakuru,25.08,-0.07256,36.28908,0.643,0.353,12.1,2026-08-19
FRM-0369,FAR-369,Nairobi,26.89,-1.00396,36.693,0.297,0.316,5.8,2026-08-20
FRM-0370,FAR-370,Embu,28.85,-0.75465,37.68389,0.443,0.157,17.7,2026-08-21
FRM-0371,FAR-371,Kiambu,8.04,-0.96021,36.64296,0.504,0.205,20.4,2026-08-22
FRM-0372,FAR-372,Machakos,38.01,-1.68483,37.28255,0.609,0.353,22.6,2026-08-23
FRM-0373,FAR-373,Nakuru,32.57,-0.03031,35.85618,0.457,0.33,3.6,2026-08-24
FRM-0374,FAR-374,Nairobi,6.71,-1.27699,36.69204,0.436,0.142,4.6,2026-08-25
FRM-0375,FAR-375,Embu,22.93,-0.36017,37.56011,0.769,0.091,4.2,2026-08-26
FRM-0376,FAR-376,Kiambu,32.72,-1.20341,36.61541,0.448,0.133,21.0,2026-08-27
FRM-0377,FAR-377,Machakos,30.69,-1.24424,36.95779,0.223,0.37,16.8,2026-08-28
FRM-0378,FAR-378,Nakuru,31.53,-0.38943,35.77011,0.798,0.364,2.6,2026-08-29
FRM-0379,FAR-379,Nairobi,14.32,-1.57028,36.77455,0.329,0.315,29.3,2026-08-30
FRM-0380,FAR-380,Embu,14.19,-0.66579,37.30596,0.841,0.105,16.6,2026-08-31
FRM-0381,FAR-381,Kiambu,6.6,-1.08656,36.63957,0.48,0.074,26.0,2026-09-01
FRM-0382,FAR-382,Machakos,44.76,-1.65125,37.33275,0.586,0.239,20.8,2026-09-02
FRM-0383,FAR-383,Nakuru,45.82,-0.29558,36.00304,0.679,0.221,10.0,2026-09-03
FRM-0384,FAR-384,Nairobi,42.78,-1.14701,36.88388,0.653,0.045,0.1,2026-09-04
FRM-0385,FAR-385,Embu,16.3,-0.4643,37.17771,0.538,0.281,28.3,2026-09-05
FRM-0386,FAR-386,Kiambu,38.6,-1.34261,36.70022,0.579,0.327,1.4,2026-09-06
FRM-0387,FAR-387,Machakos,41.66,-1.39129,37.19815,0.308,0.258,27.9,2026-09-07
FRM-0388,FAR-388,Nakuru,45.0,-0.31821,35.96273,0.776,0.281,4.4,2026-09-08
FRM-0389,FAR-389,Nairobi,40.88,-1.57529,36.81493,0.278,0.336,0.3,2026-09-09
FRM-0390,FAR-390,Embu,32.88,-0.22558,37.61294,0.564,0.353,10.1,2026-09-10
FRM-0391,FAR-391,Kiambu,47.16,-0.90444,37.0835,0.444,0.043,22.8,2026-09-11
FRM-0392,FAR-392,Machakos,12.45,-1.81628,37.26497,0.311,0.17,21.1,2026-08-15
FRM-0393,FAR-393,Nakuru,19.94,-0.08838,36.17864,0.71,0.14,2.5,2026-08-16
FRM-0394,FAR-394,Nairobi,10.38,-1.02298,36.92427,0.645,0.202,12.8,2026-08-17
FRM-0395,FAR-395,Embu,33.07,-0.276,37.16388,0.555,0.152,8.7,2026-08-18
FRM-0396,FAR-396,Kiambu,46.88,-1.40087,36.89907,0.484,0.326,25.6,2026-08-19
FRM-0397,FAR-397,Machakos,43.59,-1.21042,37.47421,0.277,0.132,12.1,2026-08-20
FRM-0398,FAR-398,Nakuru,21.09,-0.24761,35.97965,0.544,0.116,2.1,2026-08-21
FRM-0399,FAR-399,Nairobi,26.45,-1.16143,36.8071,0.607,0.227,28.8,2026-08-22
FRM-0400,FAR-400,Embu,25.98,-0.84,37.58938,0.513,0.241,26.6,2026-08-23
FRM-0401,FAR-401,Kiambu,11.75,-1.01745,36.62119,0.613,0.163,23.0,2026-08-24
FRM-0402,FAR-402,Machakos,41.21,-1.70712,37.33825,0.632,0.076,23.7,2026-08-25
FRM-0403,FAR-403,Nakuru,37.88,-0.34165,36.37561,0.49,0.164,8.0,2026-08-26
FRM-0404,FAR-404,Nairobi,5.13,-1.49999,36.92698,0.709,0.32,28.3,2026-08-27
FRM-0405,FAR-405,Embu,36.75,-0.35633,37.148,0.846,0.281,21.3,2026-08-28
FRM-0406,FAR-406,Kiambu,34.56,-1.44111,36.73225,0.567,0.277,13.8,2026-08-29
FRM-0407,FAR-407,Machakos,17.61,-1.69979,37.00037,0.628,0.217,22.1,2026-08-30
FRM-0408,FAR-408,Nakuru,44.06,-0.22316,36.23374,0.458,0.294,25.4,2026-08-31
FRM-0409,FAR-409,Nairobi,23.99,-1.11367,36.50831,0.573,0.099,2.2,2026-09-01
FRM-0410,FAR-410,Embu,47.49,-0.40504,37.20147,0.666,0.287,13.2,2026-09-02
FRM-0411,FAR-411,Kiambu,40.3,-1.28177,36.89271,0.432,0.343,22.4,2026-09-03
FRM-0412,FAR-412,Machakos,5.75,-1.6008,37.31871,0.633,0.113,16.7,2026-09-04
FRM-0413,FAR-413,Nakuru,15.75,-0.44822,35.97903,0.644,0.25,26.6,2026-09-05
FRM-0414,FAR-414,Nairobi,33.36,-1.09732,36.79946,0.53,0.294,0.9,2026-09-06
FRM-0415,FAR-415,Embu,46.78,-0.59658,37.55846,0.471,0.038,1.1,2026-09-07
FRM-0416,FAR-416,Kiambu,25.22,-0.87255,36.72835,0.452,0.151,9.5,2026-09-08
FRM-0417,FAR-417,Machakos,21.84,-1.20622,37.2538,0.593,0.231,15.9,2026-09-09
FRM-0418,FAR-418,Nakuru,31.19,-0.08792,36.14574,0.705,0.106,29.8,2026-09-10
FRM-0419,FAR-419,Nairobi,27.89,-1.24087,36.57694,0.456,0.136,24.6,2026-09-11
FRM-0420,FAR-420,Embu,38.97,-0.47091,37.2077,0.714,0.198,21.2,2026-08-15
FRM-0421,FAR-421,Kiambu,42.04,-1.48116,37.04444,0.584,0.197,12.3,2026-08-16
FRM-0422,FAR-422,Machakos,20.2,-1.27826,37.57235,0.636,0.025,12.8,2026-08-17
FRM-0423,FAR-423,Nakuru,24.51,-0.25165,36.00505,0.356,0.06,12.8,2026-08-18
FRM-0424,FAR-424,Nairobi,18.76,-1.02887,37.11808,0.719,0.123,29.2,2026-08-19
FRM-0425,FAR-425,Embu,3.48,-0.66839,37.23979,0.623,0.201,15.1,2026-08-20
FRM-0426,FAR-426,Kiambu,16.88,-1.41178,36.61336,0.819,0.281,4.9,2026-08-21
FRM-0427,FAR-427,Machakos,23.04,-1.49173,37.53186,0.567,0.363,19.4,2026-08-22
FRM-0428,FAR-428,Nakuru,25.77,-0.28867,36.15019,0.656,0.1,15.7,2026-08-23
FRM-0429,FAR-429,Nairobi,13.11,-1.11631,36.6017,0.731,0.143,25.6,2026-08-24
FRM-0430,FAR-430,Embu,45.38,-0.77631,37.52647,0.653,0.119,24.5,2026-08-25
FRM-0431,FAR-431,Kiambu,21.9,-1.08422,36.66145,0.608,0.193,13.1,2026-08-26
FRM-0432,FAR-432,Machakos,39.47,-1.71163,37.4889,0.696,0.206,19.3,2026-08-27
FRM-0433,FAR-433,Nakuru,26.23,-0.02138,36.28732,0.577,0.134,25.0,2026-08-28
FRM-0434,FAR-434,Nairobi,16.61,-1.04968,36.88568,0.734,0.28,10.3,2026-08-29
FRM-0435,FAR-435,Embu,16.44,-0.28559,37.47328,0.691,0.039,3.8,2026-08-30
FRM-0436,FAR-436,Kiambu,21.2,-1.23711,37.09593,0.458,0.301,8.8,2026-08-31
FRM-0437,FAR-437,Machakos,11.39,-1.32166,37.22819,0.513,0.189,11.3,2026-09-01
FRM-0438,FAR-438,Nakuru,18.28,-0.60996,35.98079,0.543,0.029,21.5,2026-09-02
FRM-0439,FAR-439,Nairobi,10.89,-1.16306,36.84928,0.516,0.359,4.9,2026-09-03
FRM-0440,FAR-440,Embu,42.34,-0.28272,37.1784,0.575,0.372,13.6,2026-09-04
FRM-0441,FAR-441,Kiambu,16.52,-1.02795,36.9484,0.464,0.202,27.3,2026-09-05
FRM-0442,FAR-442,Machakos,6.52,-1.4798,36.96867,0.322,0.098,26.1,2026-09-06
FRM-0443,FAR-443,Nakuru,44.07,-0.409,36.13951,0.729,0.213,11.4,2026-09-07
FRM-0444,FAR-444,Nairobi,28.51,-1.14241,36.9189,0.568,0.157,2.3,2026-09-08
FRM-0445,FAR-445,Embu,25.11,-0.65638,37.51456,0.814,0.24,23.4,2026-09-09
FRM-0446,FAR-446,Kiambu,29.78,-1.31001,36.60051,0.633,0.297,20.4,2026-09-10
FRM-0447,FAR-447,Machakos,28.11,-1.59809,37.32106,0.37,0.116,13.2,2026-09-11
FRM-0448,FAR-448,Nakuru,26.44,-0.10395,35.89957,0.359,0.215,19.5,2026-08-15
FRM-0449,FAR-449,Nairobi,46.57,-1.22913,36.64495,0.689,0.049,22.8,2026-08-16
FRM-0450,FAR-450,Embu,41.31,-0.50424,37.20673,0.854,0.042,14.3,2026-08-17
FRM-0451,FAR-451,Kiambu,35.81,-0.93116,36.57581,0.675,0.1,24.6,2026-08-18
FRM-0452,FAR-452,Machakos,43.15,-1.4766,36.98563,0.446,0.071,11.5,2026-08-19
FRM-0453,FAR-453,Nakuru,23.95,-0.25216,36.20487,0.467,0.048,18.1,2026-08-20
FRM-0454,FAR-454,Nairobi,43.94,-1.2488,37.0463,0.421,0.327,15.9,2026-08-21
FRM-0455,FAR-455,Embu,9.06,-0.67031,37.14883,0.554,0.365,5.3,2026-08-22
FRM-0456,FAR-456,Kiambu,16.78,-0.85273,36.63181,0.416,0.259,19.7,2026-08-23
FRM-0457,FAR-457,Machakos,13.81,-1.60926,37.42894,0.292,0.138,22.2,2026-08-24
FRM-0458,FAR-458,Nakuru,8.79,-0.34441,35.97016,0.514,0.036,17.4,2026-08-25
FRM-0459,FAR-459,Nairobi,29.2,-1.43847,36.85161,0.446,0.274,14.4,2026-08-26
FRM-0460,FAR-460,Embu,41.05,-0.79845,37.69463,0.795,0.123,12.7,2026-08-27
FRM-0461,FAR-461,Kiambu,11.83,-1.32044,36.67503,0.507,0.142,24.5,2026-08-28
FRM-0462,FAR-462,Machakos,19.24,-1.20127,37.42019,0.264,0.289,4.9,2026-08-29
FRM-0463,FAR-463,Nakuru,32.96,-0.49609,35.98173,0.395,0.079,8.4,2026-08-30
FRM-0464,FAR-464,Nairobi,34.46,-1.31144,36.5184,0.343,0.346,13.8,2026-08-31
FRM-0465,FAR-465,Embu,39.52,-0.52047,37.1886,0.551,0.172,20.1,2026-09-01
FRM-0466,FAR-466,Kiambu,24.3,-1.16744,37.14688,0.62,0.317,3.9,2026-09-02
FRM-0467,FAR-467,Machakos,6.15,-1.39681,37.51642,0.542,0.185,5.9,2026-09-03
FRM-0468,FAR-468,Nakuru,47.26,-0.56208,36.04343,0.8,0.15,27.4,2026-09-04
FRM-0469,FAR-469,Nairobi,45.47,-1.54196,37.07374,0.555,0.192,6.6,2026-09-05
FRM-0470,FAR-470,Embu,7.18,-0.7453,37.73727,0.609,0.07,24.2,2026-09-06
FRM-0471,FAR-471,Kiambu,33.65,-1.19248,36.7747,0.364,0.219,24.9,2026-09-07
FRM-0472,FAR-472,Machakos,19.44,-1.20374,36.96234,0.23,0.03,18.9,2026-09-08
FRM-0473,FAR-473,Nakuru,5.78,-0.12065,35.78096,0.357,0.098,28.0,2026-09-09
FRM-0474,FAR-474,Nairobi,31.66,-1.27322,36.77712,0.656,0.174,16.0,2026-09-10
FRM-0475,FAR-475,Embu,20.72,-0.39705,37.39604,0.557,0.082,6.9,2026-09-11
FRM-0476,FAR-476,Kiambu,23.2,-0.85278,36.67512,0.689,0.203,16.1,2026-08-15
FRM-0477,FAR-477,Machakos,37.45,-1.6887,37.50911,0.461,0.154,11.2,2026-08-16
FRM-0478,FAR-478,Nakuru,11.21,-0.19791,35.85398,0.669,0.304,20.5,2026-08-17
FRM-0479,FAR-479,Nairobi,32.82,-1.18741,36.85004,0.508,0.036,22.9,2026-08-18
FRM-0480,FAR-480,Embu,11.38,-0.37069,37.20849,0.596,0.205,19.0,2026-08-19
FRM-0481,FAR-481,Kiambu,32.98,-0.91246,36.66353,0.518,0.222,17.9,2026-08-20
FRM-0482,FAR-482,Machakos,12.1,-1.2631,37.07381,0.44,0.229,19.2,2026-08-21
FRM-0483,FAR-483,Nakuru,41.19,-0.4005,35.95405,0.64,0.075,17.5,2026-08-22
FRM-0484,FAR-484,Nairobi,37.19,-1.15609,37.06753,0.482,0.303,0.9,2026-08-23
FRM-0485,FAR-485,Embu,39.58,-0.36059,37.47108,0.421,0.053,21.0,2026-08-24
FRM-0486,FAR-486,Kiambu,37.72,-1.2448,37.03413,0.522,0.323,12.5,2026-08-25
FRM-0487,FAR-487,Machakos,45.98,-1.6581,37.47213,0.514,0.309,11.5,2026-08-26
FRM-0488,FAR-488,Nakuru,35.46,-0.42578,36.14568,0.62,0.22,23.5,2026-08-27
FRM-0489,FAR-489,Nairobi,41.04,-1.39356,36.58851,0.29,0.304,9.5,2026-08-28
FRM-0490,FAR-490,Embu,40.35,-0.6284,37.60303,0.521,0.096,19.7,2026-08-29
FRM-0491,FAR-491,Kiambu,22.18,-1.06978,37.0568,0.732,0.087,23.9,2026-08-30
FRM-0492,FAR-492,Machakos,41.7,-1.57327,37.17439,0.578,0.084,11.4,2026-08-31
FRM-0493,FAR-493,Nakuru,45.4,-0.34943,35.91163,0.34,0.182,17.5,2026-09-01
FRM-0494,FAR-494,Nairobi,33.6,-1.52507,37.1352,0.514,0.158,19.5,2026-09-02
FRM-0495,FAR-495,Embu,34.02,-0.52067,37.5095,0.623,0.233,14.0,2026-09-03
FRM-0496,FAR-496,Kiambu,6.37,-1.17469,37.08884,0.642,0.179,4.8,2026-09-04
FRM-0497,FAR-497,Machakos,43.3,-1.41601,37.22223,0.657,0.144,17.5,2026-09-05
FRM-0498,FAR-498,Nakuru,8.69,-0.39902,36.36427,0.49,0.183,0.0,2026-09-06
FRM-0499,FAR-499,Nairobi,40.92,-1.00858,36.96111,0.355,0.232,11.8,2026-09-07
FRM-0500,FAR-500,Embu,6.9,-0.66725,37.60556,0.488,0.091,17.6,2026-09-08
FRM-0501,FAR-001,Kiambu,4.16,-1.32399,37.1468,0.391,0.073,19.8,2026-09-09
FRM-0502,FAR-002,Machakos,28.73,-1.2052,37.19568,0.321,0.084,12.5,2026-09-10
FRM-0503,FAR-003,Nakuru,15.32,-0.01403,35.86041,0.515,0.16,14.2,2026-09-11
FRM-0504,FAR-004,Nairobi,44.98,-1.26482,36.78928,0.652,0.192,7.6,2026-08-15
FRM-0505,FAR-005,Embu,9.49,-0.30816,37.41963,0.563,0.128,5.5,2026-08-16
FRM-0506,FAR-006,Kiambu,43.27,-0.96528,36.72693,0.366,0.195,17.0,2026-08-17
FRM-0507,FAR-007,Machakos,34.58,-1.83432,37.45451,0.324,0.37,15.6,2026-08-18
FRM-0508,FAR-008,Nakuru,18.69,-0.48339,36.14305,0.802,0.363,7.9,2026-08-19
FRM-0509,FAR-009,Nairobi,18.57,-1.23415,37.03358,0.576,0.141,13.9,2026-08-20
FRM-0510,FAR-010,Embu,11.5,-0.537,37.64416,0.553,0.327,0.6,2026-08-21
FRM-0511,FAR-011,Kiambu,28.29,-0.90158,36.89409,0.736,0.044,16.6,2026-08-22
FRM-0512,FAR-012,Machakos,30.84,-1.43544,37.28384,0.214,0.13,25.4,2026-08-23
FRM-0513,FAR-013,Nakuru,25.4,-0.36624,36.03549,0.514,0.144,6.3,2026-08-24
FRM-0514,FAR-014,Nairobi,27.79,-1.01782,36.56659,0.426,0.329,9.1,2026-08-25
FRM-0515,FAR-015,Embu,43.43,-0.49482,37.25577,0.424,0.227,27.3,2026-08-26
FRM-0516,FAR-016,Kiambu,22.26,-1.01535,36.87361,0.791,0.285,17.7,2026-08-27
FRM-0517,FAR-017,Machakos,30.94,-1.52996,37.56225,0.567,0.352,16.8,2026-08-28
FRM-0518,FAR-018,Nakuru,30.13,-0.16513,35.80408,0.77,0.173,28.9,2026-08-29
FRM-0519,FAR-019,Nairobi,29.19,-1.23638,36.98282,0.393,0.083,9.6,2026-08-30
FRM-0520,FAR-020,Embu,17.57,-0.62164,37.55681,0.475,0.371,8.8,2026-08-31
FRM-0521,FAR-021,Kiambu,46.14,-1.32172,36.98134,0.761,0.068,18.4,2026-09-01
FRM-0522,FAR-022,Machakos,17.98,-1.33439,37.42253,0.621,0.274,12.9,2026-09-02
FRM-0523,FAR-023,Nakuru,3.93,-0.45183,36.34758,0.384,0.154,2.7,2026-09-03
FRM-0524,FAR-024,Nairobi,10.94,-1.2243,36.53172,0.75,0.139,9.5,2026-09-04
FRM-0525,FAR-025,Embu,46.59,-0.34908,37.62031,0.755,0.305,17.2,2026-09-05
FRM-0526,FAR-026,Kiambu,13.12,-1.11681,37.04362,0.615,0.329,2.9,2026-09-06
FRM-0527,FAR-027,Machakos,13.82,-1.57519,37.27169,0.32,0.047,0.7,2026-09-07
FRM-0528,FAR-028,Nakuru,23.02,-0.58103,35.8144,0.804,0.293,5.6,2026-09-08
FRM-0529,FAR-029,Nairobi,17.26,-1.43077,36.74652,0.347,0.141,25.1,2026-09-09
FRM-0530,FAR-030,Embu,43.73,-0.33764,37.19181,0.44,0.319,13.7,2026-09-10
FRM-0531,FAR-031,Kiambu,22.42,-1.12109,36.59856,0.843,0.371,26.8,2026-09-11
FRM-0532,FAR-032,Machakos,10.77,-1.47841,37.55915,0.575,0.315,17.7,2026-08-15
FRM-0533,FAR-033,Nakuru,16.53,-0.08833,36.04601,0.741,0.262,20.9,2026-08-16
FRM-0534,FAR-034,Nairobi,42.33,-1.12976,36.71648,0.686,0.035,15.6,2026-08-17
FRM-0535,FAR-035,Embu,43.74,-0.55237,37.63661,0.473,0.144,11.2,2026-08-18
FRM-0536,FAR-036,Kiambu,33.88,-1.30263,37.00747,0.542,0.115,21.8,2026-08-19
FRM-0537,FAR-037,Machakos,30.34,-1.65622,36.95573,0.708,0.044,10.4,2026-08-20
FRM-0538,FAR-038,Nakuru,28.66,-0.46639,36.06402,0.582,0.037,11.8,2026-08-21
FRM-0539,FAR-039,Nairobi,3.9,-1.51343,36.53787,0.548,0.296,7.3,2026-08-22
FRM-0540,FAR-040,Embu,23.44,-0.24445,37.19653,0.462,0.295,1.6,2026-08-23
FRM-0541,FAR-041,Kiambu,22.95,-0.99809,36.62545,0.768,0.318,16.6,2026-08-24
FRM-0542,FAR-042,Machakos,5.27,-1.42433,36.98693,0.542,0.082,29.9,2026-08-25
FRM-0543,FAR-043,Nakuru,22.17,-0.41658,36.06672,0.817,0.239,4.1,2026-08-26
FRM-0544,FAR-044,Nairobi,20.38,-1.22389,36.56657,0.682,0.355,10.2,2026-08-27
FRM-0545,FAR-045,Embu,31.95,-0.64115,37.59824,0.468,0.04,16.9,2026-08-28
FRM-0546,FAR-046,Kiambu,27.56,-1.03178,36.74369,0.83,0.235,19.8,2026-08-29
FRM-0547,FAR-047,Machakos,21.09,-1.7578,37.41268,0.588,0.124,16.4,2026-08-30
FRM-0548,FAR-048,Nakuru,9.79,-0.28358,36.29763,0.361,0.365,5.0,2026-08-31
FRM-0549,FAR-049,Nairobi,16.14,-1.23733,37.0602,0.711,0.281,9.3,2026-09-01
FRM-0550,FAR-050,Embu,43.34,-0.64841,37.74284,0.757,0.225,28.4,2026-09-02
FRM-0551,FAR-051,Kiambu,42.81,-1.17321,36.72939,0.447,0.306,15.6,2026-09-03
FRM-0552,FAR-052,Machakos,5.42,-1.69643,37.44538,0.452,0.201,28.4,2026-09-04
FRM-0553,FAR-053,Nakuru,18.49,-0.33222,35.89259,0.582,0.22,26.3,2026-09-05
FRM-0554,FAR-054,Nairobi,14.29,-1.55854,36.84737,0.559,0.202,22.4,2026-09-06
FRM-0555,FAR-055,Embu,30.86,-0.80803,37.75453,0.614,0.267,12.4,2026-09-07
FRM-0556,FAR-056,Kiambu,35.45,-0.85172,36.57953,0.683,0.162,21.5,2026-09-08
FRM-0557,FAR-057,Machakos,26.35,-1.70757,37.33153,0.564,0.18,13.5,2026-09-09
FRM-0558,FAR-058,Nakuru,16.45,0.0166,36.19581,0.332,0.079,18.4,2026-09-10
FRM-0559,FAR-059,Nairobi,24.64,-1.40572,36.59677,0.634,0.372,2.4,2026-09-11
FRM-0560,FAR-060,Embu,8.68,-0.25158,37.22398,0.642,0.205,5.8,2026-08-15
FRM-0561,FAR-061,Kiambu,13.95,-0.87586,36.96207,0.35,0.12,14.4,2026-08-16
FRM-0562,FAR-062,Machakos,21.08,-1.76853,37.33145,0.445,0.231,9.0,2026-08-17
FRM-0563,FAR-063,Nakuru,29.17,-0.4154,36.34226,0.575,0.24,7.3,2026-08-18
FRM-0564,FAR-064,Nairobi,25.67,-1.08234,36.90526,0.638,0.05,26.6,2026-08-19
FRM-0565,FAR-065,Embu,27.3,-0.34205,37.4958,0.414,0.154,18.5,2026-08-20
FRM-0566,FAR-066,Kiambu,44.92,-1.46734,37.05768,0.822,0.047,22.5,2026-08-21
FRM-0567,FAR-067,Machakos,44.41,-1.34927,37.07093,0.444,0.231,18.3,2026-08-22
FRM-0568,FAR-068,Nakuru,41.23,-0.53669,35.96131,0.359,0.292,25.8,2026-08-23
FRM-0569,FAR-069,Nairobi,19.51,-1.37897,36.57826,0.311,0.338,10.8,2026-08-24
FRM-0570,FAR-070,Embu,11.86,-0.45512,37.17564,0.61,0.319,10.0,2026-08-25
FRM-0571,FAR-071,Kiambu,41.88,-1.19313,36.81492,0.649,0.043,8.0,2026-08-26
FRM-0572,FAR-072,Machakos,25.3,-1.51593,36.96561,0.652,0.061,1.6,2026-08-27
FRM-0573,FAR-073,Nakuru,11.6,-0.03048,36.25394,0.645,0.124,1.9,2026-08-28
FRM-0574,FAR-074,Nairobi,6.38,-1.31293,36.52555,0.604,0.229,22.0,2026-08-29
FRM-0575,FAR-075,Embu,9.0,-0.2322,37.56755,0.417,0.199,18.2,2026-08-30
FRM-0576,FAR-076,Kiambu,15.12,-0.98552,37.0892,0.754,0.245,3.5,2026-08-31
FRM-0577,FAR-077,Machakos,10.95,-1.78568,37.12914,0.234,0.306,6.8,2026-09-01
FRM-0578,FAR-078,Nakuru,6.5,-0.35225,35.86639,0.575,0.274,2.6,2026-09-02
FRM-0579,FAR-079,Nairobi,32.73,-1.41414,36.57687,0.509,0.222,1.7,2026-09-03
FRM-0580,FAR-080,Embu,35.52,-0.75064,37.5203,0.599,0.062,20.4,2026-09-04
FRM-0581,FAR-081,Kiambu,8.92,-1.29045,36.5475,0.479,0.142,15.7,2026-09-05
FRM-0582,FAR-082,Machakos,5.1,-1.62454,36.99939,0.662,0.356,12.3,2026-09-06
FRM-0583,FAR-083,Nakuru,46.46,-0.01506,36.38128,0.487,0.049,1.8,2026-09-07
FRM-0584,FAR-084,Nairobi,36.06,-1.31255,36.81634,0.287,0.296,28.1,2026-09-08
FRM-0585,FAR-085,Embu,19.11,-0.71527,37.64949,0.628,0.191,18.2,2026-09-09
FRM-0586,FAR-086,Kiambu,47.84,-1.28145,36.76657,0.803,0.268,26.1,2026-09-10
FRM-0587,FAR-087,Machakos,36.25,-1.78328,37.41908,0.211,0.106,13.7,2026-09-11
FRM-0588,FAR-088,Nakuru,41.54,-0.02869,36.36366,0.515,0.237,13.8,2026-08-15
FRM-0589,FAR-089,Nairobi,14.99,-1.36977,36.78953,0.629,0.346,6.2,2026-08-16
FRM-0590,FAR-090,Embu,19.05,-0.22441,37.70758,0.797,0.215,19.8,2026-08-17
FRM-0591,FAR-091,Kiambu,40.87,-0.95822,36.70187,0.354,0.23,0.9,2026-08-18
FRM-0592,FAR-092,Machakos,10.1,-1.654,37.24622,0.281,0.212,5.0,2026-08-19
FRM-0593,FAR-093,Nakuru,23.72,-0.06057,36.02532,0.592,0.076,14.9,2026-08-20
FRM-0594,FAR-094,Nairobi,6.54,-1.4568,36.81839,0.477,0.031,22.4,2026-08-21
FRM-0595,FAR-095,Embu,30.33,-0.22046,37.47103,0.434,0.074,14.8,2026-08-22
FRM-0596,FAR-096,Kiambu,28.49,-1.03628,36.57263,0.812,0.138,17.0,2026-08-23
FRM-0597,FAR-097,Machakos,26.78,-1.79653,37.3247,0.546,0.069,7.4,2026-08-24
FRM-0598,FAR-098,Nakuru,11.88,-0.09668,36.29698,0.755,0.373,25.2,2026-08-25
FRM-0599,FAR-099,Nairobi,42.46,-1.24613,37.10451,0.541,0.329,25.6,2026-08-26
FRM-0600,FAR-100,Embu,12.86,-0.6509,37.22658,0.833,0.359,19.3,2026-08-27
FRM-0601,FAR-101,Kiambu,11.93,-1.1781,36.74286,0.715,0.049,26.5,2026-08-28
FRM-0602,FAR-102,Machakos,9.4,-1.72705,37.45267,0.277,0.142,17.6,2026-08-29
FRM-0603,FAR-103,Nakuru,31.55,-0.61432,36.14286,0.677,0.293,23.7,2026-08-30
FRM-0604,FAR-104,Nairobi,11.24,-1.28161,36.58501,0.444,0.096,12.6,2026-08-31
FRM-0605,FAR-105,Embu,19.16,-0.30059,37.49223,0.687,0.288,27.2,2026-09-01
FRM-0606,FAR-106,Kiambu,31.36,-0.87336,37.09888,0.403,0.232,27.6,2026-09-02
FRM-0607,FAR-107,Machakos,47.2,-1.28821,37.29014,0.608,0.124,5.9,2026-09-03
FRM-0608,FAR-108,Nakuru,13.51,-0.20883,35.87778,0.416,0.259,19.5,2026-09-04
FRM-0609,FAR-109,Nairobi,15.3,-1.17932,37.11994,0.699,0.113,11.7,2026-09-05
FRM-0610,FAR-110,Embu,20.17,-0.58742,37.33056,0.401,0.352,24.7,2026-09-06
FRM-0611,FAR-111,Kiambu,6.09,-1.13087,36.95389,0.776,0.202,6.3,2026-09-07
FRM-0612,FAR-112,Machakos,29.96,-1.3443,37.22501,0.446,0.124,27.9,2026-09-08
FRM-0613,FAR-113,Nakuru,14.43,-0.49501,36.20709,0.801,0.286,26.7,2026-09-09
FRM-0614,FAR-114,Nairobi,43.49,-1.57286,37.03334,0.675,0.116,13.2,2026-09-10
FRM-0615,FAR-115,Embu,27.53,-0.50485,37.24692,0.762,0.268,29.0,2026-09-11
FRM-0616,FAR-116,Kiambu,36.73,-1.14781,36.76068,0.675,0.326,22.4,2026-08-15
FRM-0617,FAR-117,Machakos,8.95,-1.33762,37.32226,0.637,0.094,23.4,2026-08-16
FRM-0618,FAR-118,Nakuru,38.28,-0.21854,36.20673,0.385,0.194,21.1,2026-08-17
FRM-0619,FAR-119,Nairobi,21.07,-1.00711,36.75448,0.301,0.201,29.6,2026-08-18
FRM-0620,FAR-120,Embu,8.37,-0.50343,37.15812,0.426,0.141,11.0,2026-08-19
FRM-0621,FAR-121,Kiambu,25.21,-1.14879,37.02934,0.583,0.1,14.3,2026-08-20
FRM-0622,FAR-122,Machakos,15.45,-1.74044,37.39441,0.368,0.244,1.6,2026-08-21
FRM-0623,FAR-123,Nakuru,44.59,-0.43504,35.98431,0.574,0.03,23.8,2026-08-22
FRM-0624,FAR-124,Nairobi,37.69,-1.21491,37.04345,0.318,0.342,26.8,2026-08-23
FRM-0625,FAR-125,Embu,15.03,-0.53352,37.6841,0.56,0.374,6.1,2026-08-24
FRM-0626,FAR-126,Kiambu,3.62,-1.27243,36.7652,0.605,0.04,23.1,2026-08-25
FRM-0627,FAR-127,Machakos,29.06,-1.31858,37.18158,0.312,0.216,14.3,2026-08-26
FRM-0628,FAR-128,Nakuru,41.77,-0.1518,36.07524,0.64,0.322,29.0,2026-08-27
FRM-0629,FAR-129,Nairobi,30.34,-1.0426,36.79473,0.599,0.211,20.0,2026-08-28
FRM-0630,FAR-130,Embu,43.48,-0.4014,37.27377,0.426,0.037,29.2,2026-08-29
FRM-0631,FAR-131,Kiambu,11.8,-0.87422,36.97543,0.758,0.235,0.7,2026-08-30
FRM-0632,FAR-132,Machakos,27.66,-1.51593,37.23559,0.315,0.268,24.0,2026-08-31
FRM-0633,FAR-133,Nakuru,13.21,-0.07813,36.10466,0.442,0.026,17.8,2026-09-01
FRM-0634,FAR-134,Nairobi,8.25,-1.41117,37.05377,0.736,0.337,29.4,2026-09-02
FRM-0635,FAR-135,Embu,20.53,-0.52238,37.19721,0.507,0.229,25.9,2026-09-03
FRM-0636,FAR-136,Kiambu,24.53,-0.89029,36.59,0.684,0.354,9.1,2026-09-04
FRM-0637,FAR-137,Machakos,26.96,-1.64205,37.51962,0.688,0.117,18.9,2026-09-05
FRM-0638,FAR-138,Nakuru,46.34,-0.10724,36.2455,0.797,0.059,26.4,2026-09-06
FRM-0639,FAR-139,Nairobi,11.98,-0.99357,36.56557,0.639,0.085,13.1,2026-09-07
FRM-0640,FAR-140,Embu,43.05,-0.79744,37.64814,0.547,0.041,14.8,2026-09-08
FRM-0641,FAR-141,Kiambu,29.83,-1.42929,37.00731,0.753,0.305,27.1,2026-09-09
FRM-0642,FAR-142,Machakos,29.14,-1.81728,37.03079,0.504,0.214,26.0,2026-09-10
FRM-0643,FAR-143,Nakuru,32.41,-0.20477,36.26728,0.37,0.316,28.9,2026-09-11
FRM-0644,FAR-144,Nairobi,22.71,-1.39634,37.05466,0.615,0.195,4.0,2026-08-15
FRM-0645,FAR-145,Embu,14.76,-0.57574,37.68609,0.433,0.175,20.3,2026-08-16
FRM-0646,FAR-146,Kiambu,3.65,-1.15097,36.58707,0.834,0.196,27.8,2026-08-17
FRM-0647,FAR-147,Machakos,7.04,-1.47558,37.4813,0.454,0.282,28.2,2026-08-18
FRM-0648,FAR-148,Nakuru,43.72,-0.55906,35.94326,0.384,0.093,11.7,2026-08-19
FRM-0649,FAR-149,Nairobi,35.49,-1.42512,36.69915,0.499,0.341,29.6,2026-08-20
FRM-0650,FAR-150,Embu,46.63,-0.3027,37.55695,0.742,0.21,27.2,2026-08-21
FRM-0651,FAR-151,Kiambu,34.07,-1.45749,36.74618,0.398,0.31,15.9,2026-08-22
FRM-0652,FAR-152,Machakos,35.46,-1.70402,37.55518,0.246,0.231,21.3,2026-08-23
FRM-0653,FAR-153,Nakuru,24.25,-0.47903,35.7891,0.74,0.223,6.9,2026-08-24
FRM-0654,FAR-154,Nairobi,47.09,-1.38844,36.50417,0.368,0.347,3.1,2026-08-25
FRM-0655,FAR-155,Embu,3.88,-0.85388,37.25521,0.477,0.311,9.9,2026-08-26
FRM-0656,FAR-156,Kiambu,24.13,-1.42884,36.61506,0.673,0.147,16.3,2026-08-27
FRM-0657,FAR-157,Machakos,11.55,-1.63322,37.42991,0.495,0.054,19.5,2026-08-28
FRM-0658,FAR-158,Nakuru,24.28,-0.07942,36.11768,0.808,0.18,26.2,2026-08-29
FRM-0659,FAR-159,Nairobi,7.59,-1.51511,36.65844,0.484,0.279,22.7,2026-08-30
FRM-0660,FAR-160,Embu,8.27,-0.36048,37.31703,0.523,0.107,10.1,2026-08-31
FRM-0661,FAR-161,Kiambu,36.44,-1.03532,36.9031,0.716,0.375,0.3,2026-09-01
FRM-0662,FAR-162,Machakos,42.63,-1.4048,37.30748,0.395,0.132,8.0,2026-09-02
FRM-0663,FAR-163,Nakuru,12.71,-0.31883,36.33375,0.54,0.065,18.4,2026-09-03
FRM-0664,FAR-164,Nairobi,15.25,-1.49722,36.50306,0.636,0.183,28.9,2026-09-04
FRM-0665,FAR-165,Embu,46.87,-0.82691,37.25699,0.492,0.25,29.1,2026-09-05
FRM-0666,FAR-166,Kiambu,31.05,-1.11041,36.84061,0.538,0.093,2.7,2026-09-06
FRM-0667,FAR-167,Machakos,45.7,-1.37837,37.39351,0.377,0.169,14.1,2026-09-07
FRM-0668,FAR-168,Nakuru,25.83,-0.05403,35.79171,0.721,0.275,28.9,2026-09-08
FRM-0669,FAR-169,Nairobi,39.71,-1.32344,36.65554,0.671,0.128,7.6,2026-09-09
FRM-0670,FAR-170,Embu,46.43,-0.48305,37.37231,0.819,0.365,11.2,2026-09-10
FRM-0671,FAR-171,Kiambu,16.75,-1.11057,36.78001,0.447,0.273,9.6,2026-09-11
FRM-0672,FAR-172,Machakos,5.65,-1.70367,37.02937,0.386,0.156,11.8,2026-08-15
FRM-0673,FAR-173,Nakuru,13.69,-0.46479,36.20903,0.529,0.098,10.3,2026-08-16
FRM-0674,FAR-174,Nairobi,30.6,-1.23376,36.9477,0.656,0.117,6.2,2026-08-17
FRM-0675,FAR-175,Embu,27.67,-0.70569,37.68986,0.667,0.213,22.1,2026-08-18
FRM-0676,FAR-176,Kiambu,5.55,-1.24598,36.89952,0.69,0.124,3.7,2026-08-19
FRM-0677,FAR-177,Machakos,16.31,-1.29163,36.98629,0.419,0.18,23.8,2026-08-20
FRM-0678,FAR-178,Nakuru,45.53,-0.60336,36.3751,0.406,0.311,26.0,2026-08-21
FRM-0679,FAR-179,Nairobi,14.08,-1.15226,36.9572,0.579,0.032,26.3,2026-08-22
FRM-0680,FAR-180,Embu,3.63,-0.77048,37.23948,0.826,0.221,26.5,2026-08-23
FRM-0681,FAR-181,Kiambu,26.48,-1.43681,36.55852,0.502,0.187,22.6,2026-08-24
FRM-0682,FAR-182,Machakos,17.61,-1.39155,37.08559,0.396,0.088,16.8,2026-08-25
FRM-0683,FAR-183,Nakuru,4.21,-0.36024,35.85886,0.659,0.103,0.8,2026-08-26
FRM-0684,FAR-184,Nairobi,8.25,-1.357,37.0425,0.475,0.285,24.6,2026-08-27
FRM-0685,FAR-185,Embu,41.11,-0.83362,37.74622,0.558,0.029,22.5,2026-08-28
FRM-0686,FAR-186,Kiambu,26.64,-1.40802,37.14368,0.582,0.194,27.9,2026-08-29
FRM-0687,FAR-187,Machakos,9.24,-1.61397,37.11539,0.306,0.185,13.5,2026-08-30
FRM-0688,FAR-188,Nakuru,25.81,-0.12946,36.15208,0.536,0.291,24.7,2026-08-31
FRM-0689,FAR-189,Nairobi,42.81,-1.39581,36.54304,0.604,0.108,26.4,2026-09-01
FRM-0690,FAR-190,Embu,24.55,-0.83581,37.49447,0.671,0.039,18.6,2026-09-02
FRM-0691,FAR-191,Kiambu,18.59,-1.12264,36.95873,0.573,0.268,19.0,2026-09-03
FRM-0692,FAR-192,Machakos,29.45,-1.22842,37.33124,0.448,0.262,19.8,2026-09-04
FRM-0693,FAR-193,Nakuru,38.13,-0.03392,36.09383,0.44,0.132,7.0,2026-09-05
FRM-0694,FAR-194,Nairobi,46.52,-1.14992,36.94386,0.55,0.034,19.8,2026-09-06
FRM-0695,FAR-195,Embu,40.46,-0.72255,37.45464,0.381,0.115,27.3,2026-09-07
FRM-0696,FAR-196,Kiambu,7.85,-0.91034,36.58852,0.767,0.059,16.0,2026-09-08
FRM-0697,FAR-197,Machakos,26.75,-1.28472,37.16784,0.539,0.215,18.2,2026-09-09
FRM-0698,FAR-198,Nakuru,22.98,-0.58731,36.28979,0.678,0.149,1.2,2026-09-10
FRM-0699,FAR-199,Nairobi,11.81,-1.09503,37.0387,0.343,0.332,26.1,2026-09-11
FRM-0700,FAR-200,Embu,4.95,-0.69419,37.72294,0.696,0.199,14.7,2026-08-15
FRM-0701,FAR-201,Kiambu,10.23,-1.12676,36.82409,0.725,0.096,27.3,2026-08-16
FRM-0702,FAR-202,Machakos,23.78,-1.59339,37.1117,0.399,0.166,27.0,2026-08-17
FRM-0703,FAR-203,Nakuru,39.55,-0.44321,36.21774,0.371,0.256,8.3,2026-08-18
FRM-0704,FAR-204,Nairobi,16.97,-1.47274,36.74446,0.396,0.212,10.0,2026-08-19
FRM-0705,FAR-205,Embu,19.17,-0.60835,37.1947,0.586,0.287,12.7,2026-08-20
FRM-0706,FAR-206,Kiambu,31.02,-1.20213,37.1228,0.396,0.264,7.4,2026-08-21
FRM-0707,FAR-207,Machakos,30.3,-1.57607,37.29519,0.648,0.133,28.2,2026-08-22
FRM-0708,FAR-208,Nakuru,44.89,-0.10322,36.28458,0.466,0.347,24.6,2026-08-23
FRM-0709,FAR-209,Nairobi,3.19,-1.20428,36.72207,0.549,0.201,29.8,2026-08-24
FRM-0710,FAR-210,Embu,30.25,-0.33915,37.33153,0.536,0.238,24.5,2026-08-25
FRM-0711,FAR-211,Kiambu,39.32,-0.85387,36.75349,0.582,0.062,7.9,2026-08-26
FRM-0712,FAR-212,Machakos,25.76,-1.75776,37.03624,0.627,0.164,16.0,2026-08-27
FRM-0713,FAR-213,Nakuru,7.68,-0.50849,36.25297,0.691,0.273,9.1,2026-08-28
FRM-0714,FAR-214,Nairobi,13.29,-1.2453,36.53155,0.534,0.233,10.6,2026-08-29
FRM-0715,FAR-215,Embu,44.95,-0.80522,37.44595,0.79,0.158,28.1,2026-08-30
FRM-0716,FAR-216,Kiambu,4.21,-1.43592,37.11128,0.354,0.322,5.9,2026-08-31
FRM-0717,FAR-217,Machakos,8.04,-1.56712,37.50368,0.693,0.328,4.1,2026-09-01
FRM-0718,FAR-218,Nakuru,24.94,-0.1383,35.8131,0.623,0.038,9.5,2026-09-02
FRM-0719,FAR-219,Nairobi,17.1,-1.30524,36.60011,0.598,0.072,8.6,2026-09-03
FRM-0720,FAR-220,Embu,16.48,-0.50231,37.68458,0.66,0.267,25.4,2026-09-04
FRM-0721,FAR-221,Kiambu,10.77,-1.02826,36.71578,0.543,0.077,20.6,2026-09-05
FRM-0722,FAR-222,Machakos,28.82,-1.59278,37.40065,0.325,0.336,14.7,2026-09-06
FRM-0723,FAR-223,Nakuru,20.3,-0.41321,35.91178,0.775,0.073,3.8,2026-09-07
FRM-0724,FAR-224,Nairobi,35.78,-1.18904,36.52345,0.321,0.22,22.7,2026-09-08
FRM-0725,FAR-225,Embu,25.44,-0.70652,37.37867,0.74,0.173,20.2,2026-09-09
FRM-0726,FAR-226,Kiambu,38.81,-1.00876,36.52665,0.358,0.041,13.2,2026-09-10
FRM-0727,FAR-227,Machakos,20.1,-1.52762,37.42398,0.547,0.177,10.9,2026-09-11
FRM-0728,FAR-228,Nakuru,47.75,-0.25666,36.28908,0.649,0.056,22.8,2026-08-15
FRM-0729,FAR-229,Nairobi,26.18,-1.51193,36.75001,0.301,0.216,28.9,2026-08-16
FRM-0730,FAR-230,Embu,15.49,-0.61764,37.25344,0.467,0.221,3.7,2026-08-17
FRM-0731,FAR-231,Kiambu,21.6,-1.05684,36.87427,0.418,0.033,5.4,2026-08-18
FRM-0732,FAR-232,Machakos,25.83,-1.33635,37.36416,0.213,0.237,4.5,2026-08-19
FRM-0733,FAR-233,Nakuru,41.66,-0.26582,35.94253,0.611,0.333,25.5,2026-08-20
FRM-0734,FAR-234,Nairobi,33.55,-1.08934,36.69114,0.705,0.366,4.6,2026-08-21
FRM-0735,FAR-235,Embu,15.11,-0.60651,37.16846,0.371,0.242,26.0,2026-08-22
FRM-0736,FAR-236,Kiambu,40.05,-0.90749,36.76427,0.551,0.165,13.8,2026-08-23
FRM-0737,FAR-237,Machakos,29.64,-1.77312,37.35747,0.436,0.257,13.6,2026-08-24
FRM-0738,FAR-238,Nakuru,29.68,-0.53753,35.85774,0.784,0.313,13.8,2026-08-25
FRM-0739,FAR-239,Nairobi,4.6,-1.45432,37.09877,0.671,0.096,8.9,2026-08-26
FRM-0740,FAR-240,Embu,27.49,-0.42298,37.3822,0.513,0.172,11.6,2026-08-27
FRM-0741,FAR-241,Kiambu,24.72,-0.87399,36.68051,0.448,0.301,20.7,2026-08-28
FRM-0742,FAR-242,Machakos,17.64,-1.39766,37.15486,0.42,0.056,20.6,2026-08-29
FRM-0743,FAR-243,Nakuru,36.39,-0.40023,36.3275,0.602,0.071,16.0,2026-08-30
FRM-0744,FAR-244,Nairobi,31.33,-1.53532,36.70433,0.522,0.207,11.6,2026-08-31
FRM-0745,FAR-245,Embu,15.32,-0.3616,37.23157,0.736,0.208,18.6,2026-09-01
FRM-0746,FAR-246,Kiambu,24.8,-1.17253,37.05657,0.619,0.269,14.2,2026-09-02
FRM-0747,FAR-247,Machakos,35.18,-1.28646,37.20296,0.376,0.03,2.8,2026-09-03
FRM-0748,FAR-248,Nakuru,25.99,-0.41379,35.7981,0.58,0.143,8.5,2026-09-04
FRM-0749,FAR-249,Nairobi,26.9,-1.13498,36.72942,0.277,0.3,22.3,2026-09-05
FRM-0750,FAR-250,Embu,44.11,-0.78942,37.71872,0.75,0.188,0.4,2026-09-06
FRM-0751,FAR-251,Kiambu,24.54,-1.28623,37.14597,0.412,0.305,20.3,2026-09-07
FRM-0752,FAR-252,Machakos,12.05,-1.23617,37.01907,0.66,0.102,23.5,2026-09-08
FRM-0753,FAR-253,Nakuru,20.29,-0.22167,36.1608,0.743,0.347,29.6,2026-09-09
FRM-0754,FAR-254,Nairobi,37.49,-1.55672,36.55428,0.638,0.102,1.9,2026-09-10
FRM-0755,FAR-255,Embu,39.42,-0.52912,37.47105,0.746,0.274,12.0,2026-09-11
FRM-0756,FAR-256,Kiambu,13.37,-1.40567,37.01,0.826,0.304,23.0,2026-08-15
FRM-0757,FAR-257,Machakos,5.49,-1.41283,37.00555,0.501,0.22,21.7,2026-08-16
FRM-0758,FAR-258,Nakuru,31.12,-0.34046,35.89953,0.555,0.373,0.2,2026-08-17
FRM-0759,FAR-259,Nairobi,36.94,-1.21501,37.06115,0.287,0.317,9.1,2026-08-18
FRM-0760,FAR-260,Embu,26.6,-0.61553,37.76455,0.543,0.252,10.7,2026-08-19
FRM-0761,FAR-261,Kiambu,29.47,-0.96993,36.73738,0.406,0.333,13.2,2026-08-20
FRM-0762,FAR-262,Machakos,33.96,-1.70664,37.13112,0.3,0.104,10.4,2026-08-21
FRM-0763,FAR-263,Nakuru,12.55,-0.60636,36.31484,0.599,0.284,20.3,2026-08-22
FRM-0764,FAR-264,Nairobi,11.03,-1.40722,37.01265,0.614,0.289,0.6,2026-08-23
FRM-0765,FAR-265,Embu,21.34,-0.65783,37.55927,0.535,0.097,15.3,2026-08-24
FRM-0766,FAR-266,Kiambu,40.46,-1.22093,37.09377,0.709,0.041,29.7,2026-08-25
FRM-0767,FAR-267,Machakos,28.88,-1.6651,37.13797,0.627,0.294,1.5,2026-08-26
FRM-0768,FAR-268,Nakuru,34.96,-0.38679,36.06772,0.746,0.326,6.6,2026-08-27
FRM-0769,FAR-269,Nairobi,27.3,-1.42161,36.93675,0.288,0.187,7.5,2026-08-28
FRM-0770,FAR-270,Embu,24.72,-0.44161,37.1927,0.411,0.273,22.2,2026-08-29
FRM-0771,FAR-271,Kiambu,26.5,-0.96288,36.68926,0.679,0.117,22.2,2026-08-30
FRM-0772,FAR-272,Machakos,23.82,-1.77886,37.45285,0.376,0.078,14.3,2026-08-31
FRM-0773,FAR-273,Nakuru,11.86,-0.11065,36.31666,0.64,0.129,15.0,2026-09-01
FRM-0774,FAR-274,Nairobi,47.64,-1.3262,37.05547,0.503,0.123,24.7,2026-09-02
FRM-0775,FAR-275,Embu,46.55,-0.7402,37.42128,0.533,0.085,8.6,2026-09-03
FRM-0776,FAR-276,Kiambu,5.14,-1.31922,37.02922,0.715,0.162,14.0,2026-09-04
FRM-0777,FAR-277,Machakos,15.57,-1.32073,37.23428,0.586,0.041,2.2,2026-09-05
FRM-0778,FAR-278,Nakuru,40.75,-0.27076,35.93064,0.436,0.19,1.5,2026-09-06
FRM-0779,FAR-279,Nairobi,31.68,-1.35462,36.63257,0.478,0.259,7.2,2026-09-07
FRM-0780,FAR-280,Embu,4.84,-0.30773,37.28178,0.756,0.079,17.0,2026-09-08
FRM-0781,FAR-281,Kiambu,33.22,-1.04346,36.81538,0.743,0.112,4.3,2026-09-09
FRM-0782,FAR-282,Machakos,22.54,-1.22909,37.37987,0.41,0.063,12.3,2026-09-10
FRM-0783,FAR-283,Nakuru,39.73,0.0045,36.35685,0.514,0.119,8.8,2026-09-11
FRM-0784,FAR-284,Nairobi,40.55,-1.61167,36.66928,0.455,0.308,12.6,2026-08-15
FRM-0785,FAR-285,Embu,23.72,-0.5873,37.46952,0.853,0.257,2.5,2026-08-16
FRM-0786,FAR-286,Kiambu,40.63,-1.06591,36.56773,0.38,0.208,11.2,2026-08-17
FRM-0787,FAR-287,Machakos,19.87,-1.66103,37.43768,0.342,0.241,6.5,2026-08-18
FRM-0788,FAR-288,Nakuru,37.23,-0.20678,35.99895,0.543,0.303,11.0,2026-08-19
FRM-0789,FAR-289,Nairobi,28.79,-1.15382,36.62846,0.734,0.158,11.6,2026-08-20
FRM-0790,FAR-290,Embu,46.47,-0.46425,37.44333,0.436,0.076,21.5,2026-08-21
FRM-0791,FAR-291,Kiambu,43.96,-1.47102,37.04746,0.468,0.179,1.2,2026-08-22
FRM-0792,FAR-292,Machakos,35.85,-1.29372,37.33694,0.582,0.22,18.3,2026-08-23
FRM-0793,FAR-293,Nakuru,34.29,-0.14552,35.81417,0.72,0.336,20.3,2026-08-24
FRM-0794,FAR-294,Nairobi,35.36,-0.99092,36.81977,0.648,0.185,8.7,2026-08-25
FRM-0795,FAR-295,Embu,16.42,-0.7893,37.68964,0.795,0.211,21.2,2026-08-26
FRM-0796,FAR-296,Kiambu,46.17,-1.19332,36.73178,0.54,0.078,13.7,2026-08-27
FRM-0797,FAR-297,Machakos,16.18,-1.54004,37.16571,0.338,0.177,7.9,2026-08-28
FRM-0798,FAR-298,Nakuru,46.84,-0.29991,35.91675,0.682,0.131,18.5,2026-08-29
FRM-0799,FAR-299,Nairobi,9.1,-1.08059,37.0378,0.287,0.323,14.0,2026-08-30
FRM-0800,FAR-300,Embu,32.55,-0.50765,37.48858,0.693,0.285,26.8,2026-08-31
FRM-0801,FAR-301,Kiambu,45.76,-1.3256,36.9203,0.432,0.065,14.1,2026-09-01
FRM-0802,FAR-302,Machakos,33.67,-1.78479,37.31532,0.486,0.213,2.3,2026-09-02
FRM-0803,FAR-303,Nakuru,33.31,0.00688,36.04231,0.511,0.073,8.4,2026-09-03
FRM-0804,FAR-304,Nairobi,44.04,-1.27486,36.85717,0.645,0.369,23.6,2026-09-04
FRM-0805,FAR-305,Embu,11.52,-0.77795,37.33236,0.732,0.277,0.7,2026-09-05
FRM-0806,FAR-306,Kiambu,32.65,-1.4007,36.7881,0.579,0.316,6.6,2026-09-06
FRM-0807,FAR-307,Machakos,40.46,-1.49138,37.41053,0.26,0.318,25.1,2026-09-07
FRM-0808,FAR-308,Nakuru,38.04,-0.13724,36.39659,0.766,0.335,7.1,2026-09-08
FRM-0809,FAR-309,Nairobi,11.42,-0.9916,36.65837,0.554,0.37,14.9,2026-09-09
FRM-0810,FAR-310,Embu,31.14,-0.57395,37.27259,0.864,0.163,13.0,2026-09-10
FRM-0811,FAR-311,Kiambu,21.97,-1.35737,36.88434,0.441,0.085,9.5,2026-09-11
FRM-0812,FAR-312,Machakos,33.29,-1.42027,37.56454,0.453,0.245,0.1,2026-08-15
FRM-0813,FAR-313,Nakuru,21.28,-0.12479,36.14667,0.571,0.248,2.5,2026-08-16
FRM-0814,FAR-314,Nairobi,30.39,-1.23153,36.94587,0.713,0.238,14.6,2026-08-17
FRM-0815,FAR-315,Embu,47.97,-0.2714,37.18281,0.633,0.051,26.8,2026-08-18
FRM-0816,FAR-316,Kiambu,47.46,-1.24471,36.87567,0.38,0.146,26.8,2026-08-19
FRM-0817,FAR-317,Machakos,29.77,-1.39468,36.94999,0.274,0.187,27.7,2026-08-20
FRM-0818,FAR-318,Nakuru,36.53,-0.18807,36.33425,0.661,0.329,28.8,2026-08-21
FRM-0819,FAR-319,Nairobi,17.59,-1.23791,36.58559,0.672,0.063,3.6,2026-08-22
FRM-0820,FAR-320,Embu,29.21,-0.71464,37.32034,0.514,0.142,22.3,2026-08-23
FRM-0821,FAR-321,Kiambu,47.38,-1.42693,36.7419,0.646,0.156,29.1,2026-08-24
FRM-0822,FAR-322,Machakos,43.43,-1.21807,37.31042,0.252,0.156,15.4,2026-08-25
FRM-0823,FAR-323,Nakuru,12.83,-0.35337,36.13028,0.751,0.193,15.5,2026-08-26
FRM-0824,FAR-324,Nairobi,43.7,-1.47076,36.70115,0.315,0.067,3.2,2026-08-27
FRM-0825,FAR-325,Embu,11.84,-0.48881,37.26719,0.521,0.06,1.8,2026-08-28
FRM-0826,FAR-326,Kiambu,15.83,-0.89534,36.68611,0.523,0.254,18.4,2026-08-29
FRM-0827,FAR-327,Machakos,45.06,-1.36263,37.37001,0.641,0.1,0.0,2026-08-30
FRM-0828,FAR-328,Nakuru,11.74,-0.10542,35.77295,0.809,0.079,21.0,2026-08-31
FRM-0829,FAR-329,Nairobi,6.05,-1.57001,36.77391,0.614,0.037,29.6,2026-09-01
FRM-0830,FAR-330,Embu,40.86,-0.54859,37.74837,0.585,0.296,20.3,2026-09-02
FRM-0831,FAR-331,Kiambu,22.67,-1.37991,36.65454,0.436,0.229,22.3,2026-09-03
FRM-0832,FAR-332,Machakos,41.55,-1.50732,37.2529,0.471,0.15,22.2,2026-09-04
FRM-0833,FAR-333,Nakuru,13.51,-0.27779,36.1121,0.356,0.077,23.4,2026-09-05
FRM-0834,FAR-334,Nairobi,47.25,-1.46055,36.71433,0.398,0.054,8.8,2026-09-06
FRM-0835,FAR-335,Embu,38.59,-0.68375,37.71334,0.442,0.329,4.6,2026-09-07
FRM-0836,FAR-336,Kiambu,14.83,-1.46534,36.78755,0.483,0.189,29.7,2026-09-08
FRM-0837,FAR-337,Machakos,45.15,-1.32145,37.49998,0.41,0.26,16.3,2026-09-09
FRM-0838,FAR-338,Nakuru,45.86,-0.5407,36.30789,0.687,0.153,5.1,2026-09-10
FRM-0839,FAR-339,Nairobi,40.46,-1.40268,36.77129,0.419,0.331,21.7,2026-09-11
FRM-0840,FAR-340,Embu,45.52,-0.4042,37.7263,0.734,0.171,18.3,2026-08-15
FRM-0841,FAR-341,Kiambu,29.76,-0.87202,36.74103,0.496,0.212,4.5,2026-08-16
FRM-0842,FAR-342,Machakos,11.09,-1.28367,37.18024,0.388,0.164,5.9,2026-08-17
FRM-0843,FAR-343,Nakuru,28.3,-0.23352,35.90041,0.703,0.338,5.1,2026-08-18
FRM-0844,FAR-344,Nairobi,34.4,-1.6088,36.81635,0.423,0.228,24.3,2026-08-19
FRM-0845,FAR-345,Embu,26.67,-0.40852,37.68697,0.534,0.345,25.6,2026-08-20
FRM-0846,FAR-346,Kiambu,41.4,-1.21359,37.10028,0.578,0.347,8.9,2026-08-21
FRM-0847,FAR-347,Machakos,28.73,-1.23758,37.0149,0.526,0.053,17.3,2026-08-22
FRM-0848,FAR-348,Nakuru,38.7,-0.11773,36.27311,0.529,0.342,3.0,2026-08-23
FRM-0849,FAR-349,Nairobi,47.16,-1.19508,36.78411,0.284,0.091,19.6,2026-08-24
FRM-0850,FAR-350,Embu,5.79,-0.80451,37.44899,0.591,0.142,11.0,2026-08-25
FRM-0851,FAR-351,Kiambu,39.1,-1.34631,36.57714,0.565,0.238,5.3,2026-08-26
FRM-0852,FAR-352,Machakos,7.58,-1.20502,37.11505,0.539,0.237,5.2,2026-08-27
FRM-0853,FAR-353,Nakuru,31.97,-0.01438,36.11958,0.634,0.317,5.5,2026-08-28
FRM-0854,FAR-354,Nairobi,15.59,-1.2103,36.74196,0.409,0.046,26.2,2026-08-29
FRM-0855,FAR-355,Embu,46.06,-0.60992,37.47588,0.502,0.048,20.2,2026-08-30
FRM-0856,FAR-356,Kiambu,47.63,-1.07806,36.60096,0.662,0.357,22.5,2026-08-31
FRM-0857,FAR-357,Machakos,46.62,-1.24908,36.9786,0.272,0.033,10.7,2026-09-01
FRM-0858,FAR-358,Nakuru,28.07,-0.53228,35.87331,0.35,0.351,3.8,2026-09-02
FRM-0859,FAR-359,Nairobi,46.32,-1.4735,36.95856,0.651,0.231,9.3,2026-09-03
FRM-0860,FAR-360,Embu,16.79,-0.67143,37.23356,0.69,0.057,4.0,2026-09-04
FRM-0861,FAR-361,Kiambu,40.07,-0.9464,37.08017,0.402,0.263,4.5,2026-09-05
FRM-0862,FAR-362,Machakos,10.84,-1.61159,37.12824,0.608,0.337,15.1,2026-09-06
FRM-0863,FAR-363,Nakuru,36.25,-0.56404,36.0442,0.481,0.241,18.6,2026-09-07
FRM-0864,FAR-364,Nairobi,47.26,-0.99962,36.98838,0.252,0.244,16.0,2026-09-08
FRM-0865,FAR-365,Embu,43.64,-0.68913,37.22901,0.438,0.317,1.4,2026-09-09
FRM-0866,FAR-366,Kiambu,26.87,-1.30118,36.56384,0.765,0.154,17.9,2026-09-10
FRM-0867,FAR-367,Machakos,12.91,-1.71025,37.56721,0.4,0.217,0.9,2026-09-11
FRM-0868,FAR-368,Nakuru,25.35,-0.07826,36.38223,0.464,0.32,3.0,2026-08-15
FRM-0869,FAR-369,Nairobi,45.35,-1.57706,36.50535,0.736,0.263,7.1,2026-08-16
FRM-0870,FAR-370,Embu,12.67,-0.53526,37.32559,0.484,0.232,24.5,2026-08-17
FRM-0871,FAR-371,Kiambu,3.23,-1.24182,37.09946,0.735,0.077,19.6,2026-08-18
FRM-0872,FAR-372,Machakos,26.27,-1.70342,37.0805,0.329,0.067,12.9,2026-08-19
FRM-0873,FAR-373,Nakuru,9.28,-0.32253,36.20385,0.324,0.083,10.1,2026-08-20
FRM-0874,FAR-374,Nairobi,18.15,-1.55502,36.89393,0.343,0.031,8.8,2026-08-21
FRM-0875,FAR-375,Embu,45.99,-0.41274,37.30519,0.734,0.088,16.8,2026-08-22
FRM-0876,FAR-376,Kiambu,4.52,-1.21464,36.83204,0.604,0.038,19.1,2026-08-23
FRM-0877,FAR-377,Machakos,18.45,-1.75374,37.27406,0.469,0.149,9.3,2026-08-24
FRM-0878,FAR-378,Nakuru,23.39,-0.08651,36.00747,0.521,0.154,0.8,2026-08-25
FRM-0879,FAR-379,Nairobi,11.1,-1.16137,36.76722,0.366,0.065,8.1,2026-08-26
FRM-0880,FAR-380,Embu,12.12,-0.27615,37.3873,0.603,0.28,20.4,2026-08-27
FRM-0881,FAR-381,Kiambu,13.98,-1.16028,37.05523,0.778,0.083,21.8,2026-08-28
FRM-0882,FAR-382,Machakos,38.76,-1.59081,37.42827,0.693,0.083,7.7,2026-08-29
FRM-0883,FAR-383,Nakuru,26.12,-0.23178,35.88957,0.344,0.036,25.5,2026-08-30
FRM-0884,FAR-384,Nairobi,19.42,-1.00042,37.01051,0.702,0.085,5.4,2026-08-31
FRM-0885,FAR-385,Embu,42.13,-0.52523,37.73773,0.808,0.157,16.8,2026-09-01
FRM-0886,FAR-386,Kiambu,15.58,-1.02467,36.88787,0.54,0.262,20.8,2026-09-02
FRM-0887,FAR-387,Machakos,22.53,-1.65798,37.5834,0.65,0.141,26.9,2026-09-03
FRM-0888,FAR-388,Nakuru,43.51,-0.41813,36.01612,0.393,0.34,0.9,2026-09-04
FRM-0889,FAR-389,Nairobi,18.11,-1.37784,36.68299,0.351,0.176,5.1,2026-09-05
FRM-0890,FAR-390,Embu,32.36,-0.57261,37.22716,0.478,0.044,17.1,2026-09-06
FRM-0891,FAR-391,Kiambu,41.34,-1.28101,36.94314,0.355,0.063,5.1,2026-09-07
FRM-0892,FAR-392,Machakos,23.2,-1.73106,37.43938,0.549,0.352,20.5,2026-09-08
FRM-0893,FAR-393,Nakuru,14.33,-0.10065,36.03121,0.679,0.103,6.9,2026-09-09
FRM-0894,FAR-394,Nairobi,7.4,-1.30981,36.6356,0.346,0.062,2.0,2026-09-10
FRM-0895,FAR-395,Embu,21.14,-0.66871,37.17218,0.608,0.157,13.7,2026-09-11
FRM-0896,FAR-396,Kiambu,30.57,-1.32834,36.85403,0.761,0.295,29.0,2026-08-15
FRM-0897,FAR-397,Machakos,31.92,-1.41209,37.37494,0.5,0.072,26.6,2026-08-16
FRM-0898,FAR-398,Nakuru,9.9,-0.12677,35.76813,0.69,0.374,9.8,2026-08-17
FRM-0899,FAR-399,Nairobi,29.48,-1.46836,36.82178,0.684,0.161,23.9,2026-08-18
FRM-0900,FAR-400,Embu,5.05,-0.40727,37.41025,0.727,0.186,12.6,2026-08-19
FRM-0901,FAR-401,Kiambu,47.59,-1.23902,36.60995,0.5,0.309,24.9,2026-08-20
FRM-0902,FAR-402,Machakos,37.99,-1.8234,37.00622,0.318,0.28,18.4,2026-08-21
FRM-0903,FAR-403,Nakuru,42.49,-0.04354,36.13644,0.577,0.177,9.4,2026-08-22
FRM-0904,FAR-404,Nairobi,38.86,-1.44395,36.63702,0.41,0.231,19.3,2026-08-23
FRM-0905,FAR-405,Embu,22.03,-0.27086,37.6788,0.713,0.238,7.0,2026-08-24
FRM-0906,FAR-406,Kiambu,4.4,-1.12124,36.86568,0.568,0.072,16.4,2026-08-25
FRM-0907,FAR-407,Machakos,18.06,-1.44771,37.49023,0.612,0.138,28.2,2026-08-26
FRM-0908,FAR-408,Nakuru,9.82,-0.34655,36.18549,0.375,0.345,7.2,2026-08-27
FRM-0909,FAR-409,Nairobi,29.27,-1.18202,36.7108,0.495,0.11,5.5,2026-08-28
FRM-0910,FAR-410,Embu,39.98,-0.22555,37.38608,0.645,0.087,9.4,2026-08-29
FRM-0911,FAR-411,Kiambu,12.67,-1.07261,36.61732,0.355,0.312,0.0,2026-08-30
FRM-0912,FAR-412,Machakos,42.99,-1.60574,37.10465,0.537,0.189,17.7,2026-08-31
FRM-0913,FAR-413,Nakuru,21.52,-0.24205,35.7812,0.447,0.289,23.6,2026-09-01
FRM-0914,FAR-414,Nairobi,36.13,-1.51192,36.83815,0.272,0.123,20.5,2026-09-02
FRM-0915,FAR-415,Embu,6.17,-0.49194,37.33849,0.564,0.207,17.0,2026-09-03
FRM-0916,FAR-416,Kiambu,39.34,-0.89307,36.88335,0.748,0.146,10.8,2026-09-04
FRM-0917,FAR-417,Machakos,36.72,-1.27809,37.20955,0.253,0.241,7.0,2026-09-05
FRM-0918,FAR-418,Nakuru,37.66,-0.23603,36.08353,0.77,0.31,29.9,2026-09-06
FRM-0919,FAR-419,Nairobi,42.33,-1.22287,36.57396,0.518,0.218,27.1,2026-09-07
FRM-0920,FAR-420,Embu,46.83,-0.48268,37.35843,0.729,0.367,29.9,2026-09-08
FRM-0921,FAR-421,Kiambu,14.72,-1.26067,36.63063,0.768,0.238,12.6,2026-09-09
FRM-0922,FAR-422,Machakos,11.37,-1.24862,37.47061,0.28,0.054,1.1,2026-09-10
FRM-0923,FAR-423,Nakuru,8.07,-0.49084,36.20928,0.462,0.111,6.3,2026-09-11
FRM-0924,FAR-424,Nairobi,23.49,-1.53562,37.06083,0.254,0.169,23.2,2026-08-15
FRM-0925,FAR-425,Embu,38.55,-0.48497,37.51788,0.839,0.069,16.0,2026-08-16
FRM-0926,FAR-426,Kiambu,34.18,-0.95519,36.54496,0.668,0.223,25.0,2026-08-17
FRM-0927,FAR-427,Machakos,42.28,-1.56011,37.27908,0.389,0.112,15.5,2026-08-18
FRM-0928,FAR-428,Nakuru,11.09,-0.12735,35.81504,0.643,0.254,12.2,2026-08-19
FRM-0929,FAR-429,Nairobi,9.95,-1.17793,36.79056,0.73,0.217,14.3,2026-08-20
FRM-0930,FAR-430,Embu,12.72,-0.63153,37.70593,0.657,0.118,28.7,2026-08-21
FRM-0931,FAR-431,Kiambu,34.7,-1.26474,37.06025,0.819,0.357,19.3,2026-08-22
FRM-0932,FAR-432,Machakos,21.46,-1.23229,37.12629,0.337,0.152,27.7,2026-08-23
FRM-0933,FAR-433,Nakuru,29.13,-0.1037,36.23314,0.795,0.184,18.2,2026-08-24
FRM-0934,FAR-434,Nairobi,37.77,-1.32641,36.83235,0.311,0.058,18.4,2026-08-25
FRM-0935,FAR-435,Embu,14.89,-0.77111,37.51117,0.541,0.161,9.3,2026-08-26
FRM-0936,FAR-436,Kiambu,24.54,-1.41018,36.87864,0.628,0.262,19.3,2026-08-27
FRM-0937,FAR-437,Machakos,13.36,-1.76424,37.0729,0.467,0.268,21.2,2026-08-28
FRM-0938,FAR-438,Nakuru,40.38,-0.29238,36.17734,0.646,0.344,13.1,2026-08-29
FRM-0939,FAR-439,Nairobi,29.96,-1.43687,37.11617,0.714,0.336,6.3,2026-08-30
FRM-0940,FAR-440,Embu,44.05,-0.69955,37.27677,0.56,0.094,22.4,2026-08-31
FRM-0941,FAR-441,Kiambu,21.58,-1.34321,36.70669,0.531,0.062,15.9,2026-09-01
FRM-0942,FAR-442,Machakos,9.11,-1.71933,37.12344,0.348,0.325,16.6,2026-09-02
FRM-0943,FAR-443,Nakuru,3.29,-0.06518,35.77919,0.402,0.328,1.3,2026-09-03
FRM-0944,FAR-444,Nairobi,42.4,-1.29029,37.06103,0.306,0.283,11.9,2026-09-04
FRM-0945,FAR-445,Embu,14.73,-0.77702,37.14385,0.541,0.086,17.2,2026-09-05
FRM-0946,FAR-446,Kiambu,36.59,-0.89723,36.86436,0.605,0.142,2.5,2026-09-06
FRM-0947,FAR-447,Machakos,4.35,-1.63265,37.34427,0.708,0.056,12.3,2026-09-07
FRM-0948,FAR-448,Nakuru,24.02,-0.43688,36.14801,0.623,0.27,5.8,2026-09-08
FRM-0949,FAR-449,Nairobi,22.8,-1.15004,37.02976,0.746,0.151,22.2,2026-09-09
FRM-0950,FAR-450,Embu,35.22,-0.29393,37.67467,0.522,0.265,9.7,2026-09-10
FRM-0951,FAR-451,Kiambu,32.97,-1.01701,36.6378,0.54,0.238,29.6,2026-09-11
FRM-0952,FAR-452,Machakos,44.95,-1.72662,37.52849,0.669,0.083,10.9,2026-08-15
FRM-0953,FAR-453,Nakuru,42.95,-0.4233,36.16181,0.394,0.06,7.2,2026-08-16
FRM-0954,FAR-454,Nairobi,47.9,-1.2435,36.98496,0.701,0.232,3.4,2026-08-17
FRM-0955,FAR-455,Embu,20.35,-0.64236,37.49544,0.386,0.285,26.6,2026-08-18
FRM-0956,FAR-456,Kiambu,12.71,-1.09593,37.07369,0.512,0.179,17.5,2026-08-19
FRM-0957,FAR-457,Machakos,41.63,-1.7628,37.27363,0.702,0.279,8.6,2026-08-20
FRM-0958,FAR-458,Nakuru,36.06,-0.01853,35.91258,0.656,0.343,20.8,2026-08-21
FRM-0959,FAR-459,Nairobi,15.51,-1.098,36.52027,0.298,0.244,0.6,2026-08-22
FRM-0960,FAR-460,Embu,45.04,-0.56195,37.65741,0.53,0.188,7.1,2026-08-23
FRM-0961,FAR-461,Kiambu,15.05,-1.31602,36.59037,0.618,0.244,16.4,2026-08-24
FRM-0962,FAR-462,Machakos,19.79,-1.75989,37.48104,0.63,0.264,1.0,2026-08-25
FRM-0963,FAR-463,Nakuru,31.22,-0.58794,36.32894,0.619,0.238,12.3,2026-08-26
FRM-0964,FAR-464,Nairobi,29.4,-1.58503,36.51295,0.252,0.069,22.2,2026-08-27
FRM-0965,FAR-465,Embu,35.11,-0.78277,37.40176,0.664,0.25,23.9,2026-08-28
FRM-0966,FAR-466,Kiambu,44.98,-1.00125,36.71851,0.806,0.3,21.4,2026-08-29
FRM-0967,FAR-467,Machakos,47.02,-1.44043,37.27783,0.622,0.366,9.6,2026-08-30
FRM-0968,FAR-468,Nakuru,6.44,-0.59316,36.22828,0.464,0.22,2.9,2026-08-31
FRM-0969,FAR-469,Nairobi,34.03,-1.39511,37.06117,0.435,0.341,25.0,2026-09-01
FRM-0970,FAR-470,Embu,32.72,-0.51432,37.38535,0.858,0.257,16.9,2026-09-02
FRM-0971,FAR-471,Kiambu,47.34,-1.28606,36.76993,0.821,0.099,11.2,2026-09-03
FRM-0972,FAR-472,Machakos,39.11,-1.7823,37.2235,0.62,0.174,13.9,2026-09-04
FRM-0973,FAR-473,Nakuru,36.56,-0.26715,35.86879,0.618,0.144,14.3,2026-09-05
FRM-0974,FAR-474,Nairobi,7.72,-1.324,36.79653,0.251,0.178,21.8,2026-09-06
FRM-0975,FAR-475,Embu,5.95,-0.6616,37.48025,0.844,0.148,13.2,2026-09-07
FRM-0976,FAR-476,Kiambu,11.79,-0.87019,36.6016,0.72,0.057,6.2,2026-09-08
FRM-0977,FAR-477,Machakos,28.88,-1.35716,37.24272,0.295,0.175,17.0,2026-09-09
FRM-0978,FAR-478,Nakuru,32.97,-0.29633,35.80139,0.561,0.243,18.8,2026-09-10
FRM-0979,FAR-479,Nairobi,20.27,-1.17683,36.56723,0.556,0.12,8.6,2026-09-11
FRM-0980,FAR-480,Embu,40.33,-0.75471,37.28572,0.538,0.212,23.6,2026-08-15
FRM-0981,FAR-481,Kiambu,17.6,-1.12788,37.0655,0.552,0.096,24.8,2026-08-16
FRM-0982,FAR-482,Machakos,34.31,-1.38254,37.45736,0.651,0.19,17.9,2026-08-17
FRM-0983,FAR-483,Nakuru,7.36,-0.26414,35.93967,0.611,0.048,4.1,2026-08-18
FRM-0984,FAR-484,Nairobi,26.84,-1.24389,36.93486,0.667,0.331,9.2,2026-08-19
FRM-0985,FAR-485,Embu,10.43,-0.78964,37.48875,0.841,0.357,27.3,2026-08-20
FRM-0986,FAR-486,Kiambu,46.97,-0.86391,36.52698,0.472,0.306,21.4,2026-08-21
FRM-0987,FAR-487,Machakos,9.95,-1.26486,37.49634,0.278,0.224,15.4,2026-08-22
FRM-0988,FAR-488,Nakuru,20.24,-0.20891,36.12407,0.817,0.287,13.1,2026-08-23
FRM-0989,FAR-489,Nairobi,13.92,-1.09852,37.06871,0.486,0.108,10.5,2026-08-24
FRM-0990,FAR-490,Embu,9.74,-0.82773,37.32006,0.614,0.062,11.7,2026-08-25
FRM-0991,FAR-491,Kiambu,29.65,-1.13604,36.75392,0.703,0.267,19.8,2026-08-26
FRM-0992,FAR-492,Machakos,5.03,-1.50889,37.03992,0.562,0.075,2.4,2026-08-27
FRM-0993,FAR-493,Nakuru,36.23,-0.33632,35.80448,0.429,0.278,22.1,2026-08-28
FRM-0994,FAR-494,Nairobi,24.8,-1.06648,37.11284,0.595,0.324,16.8,2026-08-29
FRM-0995,FAR-495,Embu,16.7,-0.4826,37.27381,0.789,0.051,28.1,2026-08-30
FRM-0996,FAR-496,Kiambu,37.09,-1.01858,36.76206,0.805,0.248,21.0,2026-08-31
FRM-0997,FAR-497,Machakos,17.85,-1.23577,37.53741,0.476,0.101,29.4,2026-09-01
FRM-0998,FAR-498,Nakuru,6.89,-0.00626,35.78119,0.536,0.225,11.1,2026-09-02
FRM-0999,FAR-499,Nairobi,22.14,-1.11861,36.69898,0.563,0.135,26.5,2026-09-03
FRM-1000,FAR-500,Embu,21.59,-0.52066,37.29744,0.658,0.056,8.9,2026-09-04
